Nicholas,West,47,Congo,12,001-619-678-9952x3542,580000,vmartin@example.com
Thomas,Nelson,65,Falkland Islands (Malvinas),2,289-811-1647,4350000,wayne24@example.net
Robert,Simon,77,Vietnam,4,801-837-8863x45213,2080000,jeffrey01@example.com
Lindsey,Calderon,34,Dominican Republic,3,664.849.2382x42886,1760000,haynesshane@example.net
Benjamin,Graves,57,Niger,18,278-811-4453,620000,kevin95@example.org
Kenneth,Davis,52,Bahamas,7,001-447-429-4692x2961,3170000,michael72@example.net
Donna,Velazquez,51,Jordan,9,513-885-4774x984,1400000,karinajohnson@example.com
Rachel,Parks,67,Taiwan,13,745-832-0972x96915,4810000,rossleah@example.org
Sherry,Henry,36,Russian Federation,4,+1-470-262-3320x95425,3710000,alan12@example.net
Shaun,Brown,51,Libyan Arab Jamahiriya,7,(944)986-7230x21572,4760000,zjackson@example.com
Dawn,Cook,37,Falkland Islands (Malvinas),5,001-715-778-4553,3570000,ashields@example.org
Robert,Lopez,68,India,10,8894411466,1640000,jessica63@example.net
Kenneth,Alvarado,41,Germany,0,001-946-673-9754,1880000,wallsandrea@example.net
Rebecca,Curry,71,Eritrea,37,754-625-0312,790000,molly92@example.net
Juan,Sexton,76,United States Virgin Islands,11,212-960-3828,2760000,ksavage@example.org
Laura,Campos,33,Qatar,0,594-959-8924x5705,3250000,nmcknight@example.com
Jordan,Williams,31,United Arab Emirates,0,525-608-4088x91927,1990000,loricase@example.net
Jasmine,Braun,64,Tonga,11,(951)602-8669x9572,670000,tyleralexander@example.net
Katherine,Gomez,40,Bermuda,5,+1-456-874-2969x462,3920000,kingjoseph@example.net
Kari,Price,59,Poland,27,865-496-6818,4420000,jdeleon@example.net
Daniel,Gonzalez,75,Isle of Man,4,001-993-988-6034,1290000,michael62@example.org
Jeffrey,Abbott,57,Namibia,14,(902)802-9959,770000,albert65@example.org
Stephanie,Taylor,61,Palau,2,592-973-6399,660000,staceytaylor@example.com
Dylan,Gonzalez,66,Jersey,29,+1-487-946-7048,4470000,suttonjames@example.net
Evan,Dawson,70,Nepal,7,001-859-791-4130,4450000,erik35@example.com
Jeffrey,White,76,Uzbekistan,21,+1-696-305-4112x5070,1790000,eugenemoran@example.net
Danielle,Thompson,34,Wallis and Futuna,1,(776)441-6193x321,4760000,michaelhess@example.com
Kenneth,Harris,70,New Zealand,18,791.729.7347x731,4100000,danielgutierrez@example.com
Daniel,Leblanc,43,Cambodia,7,(424)629-6867,2180000,braundaniel@example.org
Jason,Reid,31,Palestinian Territory,1,(207)427-0310x0357,4600000,taylor76@example.net
Michael,Green,67,Uganda,18,(879)856-6274x0990,3940000,freyjoshua@example.org
James,Koch,40,Sri Lanka,9,739-776-7699,1140000,natalieacosta@example.net
David,Elliott,45,Croatia,1,707-413-3745x2393,770000,adamsrebecca@example.net
Gregory,Chavez,65,Bulgaria,25,427-525-4441x46031,4860000,hallpeter@example.com
Amanda,Ware,35,United States Virgin Islands,3,(679)996-0386x2827,740000,matthew30@example.org
Mary,Stephenson,48,Seychelles,4,607.263.1406x3561,4320000,michelleali@example.net
Steven,Copeland,74,Bangladesh,22,574-279-3116,1830000,vguzman@example.org
Kristen,Arnold,30,Fiji,0,751-999-3223,4930000,stephanie99@example.com
Ricardo,Ramos,58,Svalbard & Jan Mayen Islands,2,(605)324-9623x512,2940000,leonkatherine@example.org
Laura,Marshall,41,Eritrea,2,001-689-882-4863x651,2220000,katrinahayden@example.net
Morgan,Hall,79,Cote d'Ivoire,39,9393994023,2740000,douglashicks@example.com
Angelica,Johnson,69,French Guiana,4,(601)917-8352x04297,2520000,mmartinez@example.net
James,Miller,41,Norfolk Island,11,693-904-0441,1300000,tonijones@example.com
Charles,Roth,61,Uruguay,30,+1-707-611-9391x6035,3420000,kathleendoyle@example.com
Joanne,Craig,45,Palau,1,333.791.9743,780000,scottwilliams@example.com
John,Patel,47,French Polynesia,2,(571)784-5606x087,2210000,lopezkelsey@example.net
Kayla,Edwards,46,Palau,6,(456)950-2417x2661,4930000,virginia25@example.com
Vanessa,Neal,67,Uzbekistan,34,519-728-4554x0017,2080000,williambrowning@example.net
Gary,Hanson,52,Venezuela,3,431.655.9809,4900000,terrencebryant@example.com
Kimberly,Chavez,62,Bulgaria,25,471.267.3304,2680000,twolf@example.org
Sophia,Wolfe,33,Myanmar,1,5139682479,1000000,tiffanyortiz@example.net
Nathan,Gentry,69,Guinea,29,(419)878-0292,3090000,walkerwendy@example.net
Nicole,Pennington,61,Gibraltar,6,(216)867-6382x1359,2610000,james16@example.com
Mark,Chang,46,Ecuador,1,979-837-0566,1250000,cookmelanie@example.net
Jamie,Burns,41,Jersey,1,936.358.1892x6068,4770000,brenda97@example.com
Robert,Morgan,46,Chile,1,8918434066,500000,sarah22@example.org
Andrea,Gamble,70,Chad,7,635.500.7068,1450000,crystalchavez@example.net
Austin,Mccormick,51,Mauritania,12,6506778910,3800000,tiffanytapia@example.org
Richard,Curry,37,Bhutan,6,666.468.9394x139,2850000,erin43@example.net
Stephanie,Conway,37,British Indian Ocean Territory (Chagos Archipelago),2,(675)724-1647x02477,4060000,christophergilmore@example.net
Jake,White,47,Mexico,15,001-269-825-5600,2020000,karimoody@example.org
Maria,Davis,31,Puerto Rico,1,(201)290-9932,4540000,madisonwebb@example.org
Michael,Morris,30,Libyan Arab Jamahiriya,0,844-409-1671,2090000,michael22@example.net
Leslie,Williams,43,Tanzania,7,+1-401-855-2063x70195,3870000,emilywilkerson@example.org
Jason,Butler,30,Canada,0,001-858-632-2919,3710000,ricekaren@example.org
Joshua,Perez,62,Rwanda,5,423-428-0711,4830000,davidsmith@example.net
Sarah,Gaines,39,Bahrain,2,(485)429-8384x1297,4730000,lroberts@example.org
Audrey,Johnson,62,Antarctica (the territory South of 60 deg S),23,952-236-7901x19514,1340000,jilliansnyder@example.net
Aaron,Fuller,59,Russian Federation,3,(288)267-3088,4270000,petercopeland@example.net
Christopher,Turner,39,Ethiopia,1,613.686.4949,3720000,melissa89@example.org
Thomas,Rocha,45,Turks and Caicos Islands,8,444.955.9349,2830000,wcampbell@example.net
Amanda,Gonzales,65,Colombia,21,(341)531-3101x0546,3970000,patrick57@example.net
Jason,Jones,51,Latvia,17,+1-581-354-5526,3140000,brewerpatrick@example.org
Tonya,Huffman,74,Armenia,31,+1-980-408-6542x033,1080000,christopher75@example.org
Pamela,Macias,48,Latvia,4,358-860-6045x72549,4780000,jason63@example.org
Lawrence,Marsh,51,Nauru,5,(386)285-7589x554,2280000,thompsonbrenda@example.org
Jessica,Smith,74,Central African Republic,38,801-533-6744x681,1760000,jefferyryan@example.org
April,Phillips,76,Colombia,8,634-777-5936x36230,2700000,charlottemoss@example.net
Michelle,Wilson,35,Ecuador,3,001-228-268-6365x653,3160000,fluna@example.org
Jennifer,Wallace,68,Russian Federation,36,+1-445-733-9902x63928,4890000,rebekahschwartz@example.net
Richard,Wallace,75,Burkina Faso,2,228-614-3156x841,2610000,ograves@example.com
David,Gordon,65,India,31,(386)204-6556,1980000,shaneyoung@example.com
Amanda,Morales,36,El Salvador,6,9396250770,3980000,wolfejohn@example.net
Emma,Wang,73,Libyan Arab Jamahiriya,7,993.546.3130x55818,4760000,selena23@example.com
Megan,Peterson,32,Botswana,2,001-296-657-8759x9772,2190000,traci44@example.net
Adriana,Young,42,Liberia,11,434.810.2274,3030000,thomas24@example.com
Rose,Flores,66,Myanmar,35,001-381-414-5402x174,1130000,bethduran@example.net
Kim,Hernandez,55,Cameroon,20,001-218-871-5142x05794,4640000,robertsstephanie@example.org
Sabrina,Henry,58,Brunei Darussalam,21,246-620-8191,1460000,frank22@example.org
Kara,Ferguson,60,Saint Kitts and Nevis,4,897-298-5613x0690,2440000,cramirez@example.net
Scott,Wilson,30,Guatemala,0,001-875-380-1761x229,2740000,whill@example.org
Angela,Lopez,59,French Southern Territories,3,001-537-887-2289x96515,1230000,anthonyandrew@example.net
Charles,Perry,66,Lebanon,35,(952)242-7437x3081,2620000,richardhenry@example.net
Mark,Dalton,38,Bermuda,1,(306)862-6534x5970,4290000,jenny44@example.com
Nicholas,Blankenship,31,Congo,0,(835)678-0053x5532,4320000,hendersonjames@example.com
Patricia,Bryan,44,Georgia,6,253-462-5340x23009,1400000,josephtaylor@example.org
Jessica,Chan,69,Chile,13,903-415-7095x1614,2460000,timothyrobertson@example.org
Grace,Ellis,65,Kenya,31,+1-286-580-3099x428,1910000,jimenezgeorge@example.org
Christine,Roach,63,Brazil,4,8976000251,640000,estradamichael@example.com
David,Stewart,51,Mozambique,6,891-648-4761,1970000,matthewramirez@example.org
Edward,Wilson,35,Ethiopia,0,5424643971,1380000,warrenbenjamin@example.org
Samantha,Rivera,38,Austria,4,001-305-476-2455x863,1580000,elawson@example.org
Dean,Parker,33,Indonesia,2,259.457.8371,1420000,hansenjeffrey@example.net
Joseph,Nelson,71,Papua New Guinea,32,001-698-618-5085x95106,2190000,meganyoung@example.com
William,Conner,43,Tajikistan,10,242-801-0481x9036,2150000,yjones@example.net
Eric,Griffith,76,Yemen,28,327.711.0667x601,1950000,unelson@example.net
Anthony,Myers,49,Gibraltar,10,8596021466,3750000,xross@example.com
Kelsey,Hess,60,Saudi Arabia,22,746-585-2381x24988,1850000,jacquelinewright@example.com
Todd,Wells,58,Aruba,13,001-519-992-9108,4110000,sherrigill@example.net
Seth,Johnson,70,Central African Republic,31,624.773.8745,2800000,humphreyapril@example.org
Sara,Stout,43,Bermuda,1,+1-509-683-1393,610000,ericcollins@example.com
Gabriel,Mendoza,59,Seychelles,24,858-722-6329,1670000,williamgray@example.net
Ariana,Keith,66,Trinidad and Tobago,33,(992)264-3015x235,4240000,bowenanthony@example.net
Hayden,Clark,74,Comoros,9,779.916.8325x71037,2910000,odiaz@example.org
Alexandra,Baldwin,34,Honduras,0,213.330.7835,3910000,qmiller@example.org
Linda,Garcia,53,Bahrain,1,+1-690-470-4009,1060000,whoward@example.com
Bethany,Aguilar,33,Qatar,1,339.378.5045x48353,4260000,brooke91@example.net
Stephen,King,66,Lao People's Democratic Republic,3,284.564.3352x703,1930000,gcarrillo@example.com
James,Morris,60,Lithuania,5,949.663.7368,3540000,elizabethbaker@example.com
Patrick,Smith,52,Haiti,18,618.919.5231x96906,2940000,david05@example.com
Ashley,Howard,64,Ireland,25,248.860.3922,4120000,denise63@example.net
Christopher,Nichols,40,Guam,5,234.809.5731,2600000,ryancunningham@example.org
Kenneth,Bernard,50,Cook Islands,16,488-605-2329x62489,1520000,rebeccapierce@example.com
Gail,Perez,49,Singapore,3,001-570-816-7934,3840000,christopher83@example.net
James,Harris,42,Sudan,0,830-388-1166,790000,harrisonwilliam@example.com
Michael,Garcia,65,Bangladesh,28,001-341-985-6826x9335,4570000,andersoncraig@example.net
Heather,Rogers,74,Tuvalu,10,001-849-263-4980x68338,3060000,deniseguzman@example.com
Leah,Brown,57,Peru,27,(332)222-2029,4570000,lori67@example.net
Michael,Wong,42,Turkmenistan,3,297.309.9779x731,2240000,vkirby@example.org
Carlos,Collins,75,Russian Federation,30,+1-219-466-3097x5480,660000,marissamassey@example.org
Phillip,Garcia,31,Guatemala,0,9827989311,4960000,wattsbrian@example.com
Alan,Vincent,42,Western Sahara,4,337-665-3856x1380,2330000,joseph42@example.net
James,Walls,64,Estonia,14,831.682.5384,4580000,kimberly93@example.net
Edward,Cook,31,Falkland Islands (Malvinas),0,800-350-4355x6014,4800000,fwilliams@example.org
Debra,Johnson,55,Holy See (Vatican City State),2,(253)554-7440x07171,1910000,parkeranna@example.net
Brenda,Martinez,64,Mauritania,28,7242683420,3230000,reesesamantha@example.com
Jennifer,Jones,70,Burundi,27,001-798-524-5102x40174,1480000,dawnnelson@example.com
Michelle,Pena,71,Brazil,6,001-724-803-9221,3150000,thomashoward@example.com
Jeremy,Burke,69,Austria,4,001-725-386-8260x61425,610000,whitneystephenson@example.org
Eric,Bryan,60,Sri Lanka,15,001-355-928-5054,3750000,rachel68@example.com
Samuel,Cabrera,48,Lao People's Democratic Republic,18,+1-813-520-0170x6157,650000,dianaandrews@example.org
Christina,White,48,Zimbabwe,14,+1-512-317-3204,1040000,elizabeth71@example.org
Shawn,Dean,68,Bolivia,35,(465)753-9846,1300000,mary86@example.net
Amy,Rogers,75,Monaco,12,+1-613-595-0147x958,1100000,awilliams@example.net
William,Suarez,55,Paraguay,1,759-600-4343x492,3390000,kathleenmckenzie@example.org
Robert,Sullivan,59,Saint Martin,26,992-532-5251,2650000,patricia57@example.net
Thomas,Moore,52,Latvia,0,564-489-9702x6855,2470000,phillipquinn@example.com
Michael,Black,69,Micronesia,2,+1-348-773-8243,4610000,gina18@example.org
Paul,Ferrell,33,France,2,(879)263-7322,2870000,xflynn@example.com
Danielle,Glass,41,Singapore,5,3798398534,2170000,karenmurphy@example.org
Willie,Rojas,51,Sao Tome and Principe,3,+1-673-201-0962x1680,3450000,rbrown@example.com
Jasmine,Bennett,43,Canada,2,+1-455-209-2351x6778,1420000,davisrobert@example.net
Monica,Day,75,New Caledonia,30,9833296316,2520000,marksaaron@example.net
Brad,Adkins,54,Canada,19,436-272-0773x318,1570000,allenmargaret@example.com
Hannah,Small,53,Jersey,7,266-804-1998x942,4820000,palmercynthia@example.org
Kelsey,Nguyen,79,Norway,6,7579868655,1220000,wagnershannon@example.com
Lori,Martin,35,Latvia,1,626-560-8936x3466,2130000,bishopjohn@example.net
Matthew,Hoffman,58,New Zealand,23,+1-240-515-0065,3450000,hmoore@example.com
Kevin,Huynh,49,Cuba,11,961-207-7613,2850000,seanalvarado@example.net
Christopher,Schwartz,78,Tanzania,30,+1-683-851-2968x341,1140000,stephen41@example.org
Jenna,Ramsey,59,Uzbekistan,24,001-855-428-1525x0510,2940000,melissahenry@example.net
Jennifer,Davis,31,Zambia,0,503.927.0114x20999,2430000,mary35@example.org
Darren,Allen,52,Ukraine,4,+1-288-841-9833,590000,tategregory@example.com
Nicole,Sanders,59,Iceland,15,001-533-687-4772x5260,3960000,sbarrett@example.net
Frank,Finley,74,Belgium,7,302-527-0779x43909,2520000,umorris@example.com
Crystal,Yang,61,Cook Islands,24,(221)893-3602x7154,610000,kaylafreeman@example.net
James,Valencia,46,Mayotte,2,686.240.7896x24964,580000,martinjames@example.com
Joseph,Woodward,63,Kiribati,17,587.924.8959,3590000,chungdonald@example.net
Jason,Mcdaniel,59,Seychelles,28,246.952.7355x79782,1560000,blopez@example.net
Dawn,Allen,60,Peru,3,608-913-5376x26643,2130000,lirobert@example.net
Ricardo,Morgan,48,Mongolia,12,(225)537-5428x998,2340000,dalexander@example.com
Autumn,Vasquez,55,Belize,25,(436)309-2645x7608,3050000,parkertiffany@example.org
Brian,Brooks,74,San Marino,19,8192804492,2250000,courtneychristensen@example.net
Cindy,Hughes,46,Iraq,15,599-288-6237x8041,1910000,murillojake@example.org
Daniel,Wagner,70,Montenegro,20,812-500-9990,3590000,james06@example.com
Cynthia,Quinn,41,Cayman Islands,8,001-841-632-4631x222,1920000,devon92@example.com
Amy,Taylor,68,Guyana,38,+1-741-248-3198x817,2550000,andersonchristopher@example.com
Lucas,Morgan,52,Pitcairn Islands,7,001-347-820-9139,570000,timothyoliver@example.com
Jeremy,Myers,65,Sao Tome and Principe,7,(665)452-7409,1890000,lhutchinson@example.net
George,Mckinney,64,Congo,32,(517)428-3416,3700000,daniel25@example.org
Kimberly,Gordon,35,Dominica,3,742-287-8297x19287,3290000,jsmith@example.net
Natalie,Gray,77,Chile,37,358-429-3711x2220,3510000,frederick66@example.org
Christina,Moore,79,Bhutan,26,9283210134,1200000,bassrobert@example.net
Frank,Nguyen,70,Cambodia,4,+1-549-554-1968x54278,1020000,bradley42@example.net
Richard,Fitzgerald,30,Liberia,0,(482)861-8792,3010000,nward@example.com
Crystal,Arnold,50,Vanuatu,12,241-936-4810x45764,1740000,randybrown@example.net
Aimee,Cole,31,United Kingdom,1,+1-787-277-6050,2760000,christine75@example.org
Brandon,Willis,45,Nicaragua,7,850-681-5958x249,2160000,larryreese@example.org
Joseph,Cooper,57,Monaco,24,(567)883-5257,3620000,prattjose@example.com
Samantha,Contreras,44,Saint Barthelemy,8,2412911734,3190000,katherineparker@example.com
Heather,Roy,52,Kyrgyz Republic,17,7799328660,4800000,victoria26@example.org
Judy,Alexander,40,Oman,9,(961)302-9751,1200000,barbara35@example.org
Jacqueline,Baker,71,Malaysia,32,(283)872-5831x291,1560000,ithompson@example.com
Amy,Padilla,59,Lebanon,6,703.205.7248x07143,3120000,jacobgarcia@example.net
Susan,Lyons,67,Congo,22,561-809-1495x2053,2470000,maurice94@example.net
Devon,Peterson,43,Qatar,7,202.918.6221,1190000,jthomas@example.net
Victoria,Lewis,69,Montenegro,39,001-605-787-8467x162,2620000,colleenbrown@example.com
Brandon,Smith,59,Mayotte,11,(934)303-5853x540,2380000,judystephenson@example.com
Tammy,Davis,30,Mauritania,0,765.784.3744x02578,740000,billweber@example.net
Kayla,Tucker,55,Guatemala,13,526-737-8206x143,4480000,kristin80@example.net
Samantha,Howell,71,French Southern Territories,25,(959)518-5688x0756,3510000,hunter90@example.com
Don,Harris,75,Singapore,13,001-472-989-9696x263,2290000,jerry34@example.com
Stephanie,Thomas,34,Bolivia,4,484.358.5574,3610000,zwoodward@example.org
Monica,Moran,37,Martinique,5,833.448.2068x583,2750000,robertslisa@example.com
Angelica,Anthony,36,Kenya,6,(744)845-4494,2140000,amandasparks@example.com
Mario,Taylor,44,Namibia,2,920-292-1364x81897,2440000,patricia38@example.org
Jennifer,Rodriguez,32,Macao,1,890-865-5802x54013,4610000,alexander27@example.net
Joseph,Pierce,58,Guatemala,19,698-374-7189,2750000,kennedysusan@example.net
John,Pace,41,Germany,4,2025367050,4400000,amanda03@example.com
Lindsay,Peterson,70,Kuwait,26,001-407-674-1282,2970000,rebecca92@example.com
Mark,Goodman,66,Costa Rica,13,335-707-9032x746,1360000,karen90@example.com
Manuel,Salas,72,Congo,26,500-706-0231x8351,500000,agreen@example.net
Eric,Lawson,56,French Guiana,6,793-342-7327x39627,1140000,iperez@example.com
Catherine,Fischer,67,Spain,16,001-340-514-0018,4080000,stephaniemcintosh@example.org
Angela,Myers,42,British Virgin Islands,9,945.820.3941x19568,4700000,jeffreyavila@example.net
Laurie,Hall,54,Gabon,18,001-425-312-2264x5091,2210000,russelldustin@example.net
Gregory,Clay,70,Samoa,6,+1-481-424-5032x127,730000,hendersonsteven@example.org
Michael,Harris,53,North Macedonia,21,(254)584-9878,4090000,danielheather@example.net
Janet,Armstrong,65,Georgia,35,+1-964-808-4387,3080000,hernandezmichelle@example.com
Sally,Ramirez,54,Indonesia,20,866.581.5138x307,720000,alyssarowland@example.com
Sarah,Brown,34,New Zealand,1,+1-767-842-4519x7164,4890000,brittney07@example.net
Dennis,Gutierrez,30,Christmas Island,0,+1-483-850-1095x514,1390000,pcobb@example.org
Mark,Everett,67,Dominica,3,488.666.0489x17842,3210000,foxfernando@example.com
Marco,Mcbride,33,Guernsey,3,+1-380-658-4298,4340000,rboyle@example.net
Amber,Cooper,47,Spain,12,+1-822-286-8080,4120000,andrea25@example.com
Erin,Hammond,44,Togo,14,(216)249-5609x42661,4180000,fbradshaw@example.org
Kenneth,Jimenez,79,United States Minor Outlying Islands,2,001-454-947-7632x643,700000,toddthompson@example.org
Stephanie,Bennett,55,Western Sahara,16,784-597-8235x29769,3840000,nicholas18@example.net
Breanna,Beasley,35,Angola,1,306.900.0662x3707,3080000,allisonmichelle@example.net
Susan,Martinez,79,Thailand,12,001-725-384-7341x11756,800000,danielalexander@example.net
Vanessa,Wilson,53,Montserrat,11,(334)830-1207x1780,530000,davidbryan@example.net
Stephen,Smith,45,Saint Kitts and Nevis,3,503.219.6040x459,3320000,millerraymond@example.com
Bryan,Nelson,36,Serbia,1,(647)971-4876x0585,2640000,sosborne@example.com
Linda,Shah,33,Ghana,0,954.360.0978,4630000,charlesthomas@example.org
Brittany,Chapman,63,Trinidad and Tobago,7,851-848-0849x6049,620000,eatonjulia@example.net
Brian,Jones,48,Myanmar,17,+1-659-775-9169x125,2930000,danielrobinson@example.com
Debra,James,66,Cote d'Ivoire,24,633.775.9469,1760000,ernest13@example.net
Allison,Morgan,50,Russian Federation,17,8047739664,1860000,gonzalezangela@example.net
Luis,Lynch,35,Jamaica,2,(873)378-3309x3257,3970000,lisacasey@example.net
Patrick,Fuller,47,Seychelles,13,001-723-453-5999,3230000,davismichael@example.com
Christy,Mendez,66,Bahrain,29,(526)525-8426x881,1960000,jmoore@example.org
Amy,Thomas,49,Czech Republic,3,2204593320,3750000,kmarshall@example.org
Andrea,Costa,54,Nepal,4,+1-303-921-1508x037,3860000,janet43@example.org
Christopher,Norris,35,Colombia,2,+1-351-710-6139x52734,3820000,nathanchapman@example.com
Clayton,Martin,45,Tunisia,15,695.726.8334,3870000,yolandacohen@example.org
Cameron,Schroeder,42,Canada,0,601.855.5984x653,4290000,lori05@example.org
Jason,Crosby,52,Switzerland,17,914.832.5271,3240000,lynn90@example.org
Courtney,Austin,45,Dominican Republic,12,+1-989-644-4059x73968,2310000,tammy95@example.net
Gina,Carr,71,Netherlands Antilles,39,965-619-8202x19831,3560000,thomastasha@example.org
Natasha,Barber,30,Togo,0,974-530-6609x81272,620000,michelleandrews@example.org
Gregory,Newman,69,Hong Kong,22,332-617-0284,1050000,whitedakota@example.com
Rebecca,Kidd,78,Antarctica (the territory South of 60 deg S),41,+1-426-305-2056x951,4160000,wayne25@example.org
David,Maxwell,68,Benin,5,+1-590-548-9143x77044,840000,cwillis@example.org
Jessica,Phillips,48,Christmas Island,1,6237555964,3460000,yellis@example.com
Nicole,Johnson,78,Haiti,29,+1-429-625-1435x7400,3710000,jason94@example.org
Charles,Richards,34,Germany,2,538.879.3352,4940000,ronnie45@example.org
Katrina,Wilson,48,Chile,11,777.542.8702x75833,3290000,alexsnow@example.net
Christopher,Pineda,50,Thailand,18,2754706989,1570000,griffithlindsay@example.org
Brian,Ramirez,77,Norway,13,(702)541-5415,4310000,amandadonaldson@example.com
Donna,Moreno,72,Singapore,18,+1-983-823-4262x1874,2340000,dtorres@example.org
Brandon,Peters,30,Mayotte,0,450-797-7201x217,2850000,cantujessica@example.com
Kathleen,Valdez,77,Thailand,12,606.996.3646x469,4500000,hollandkayla@example.net
Joe,Williams,46,Chile,14,+1-419-630-5234x14785,4990000,bakermarvin@example.org
Abigail,Boone,36,Angola,4,001-243-474-6844x1666,2660000,kimalyssa@example.net
Anna,Orozco,74,Palau,16,+1-291-792-0014x478,2030000,wjackson@example.org
Gary,Davis,67,Sri Lanka,8,690.336.7004x780,570000,ujoseph@example.net
Carl,Hudson,69,Swaziland,14,691-506-5741x62473,1400000,stephendiaz@example.net
Christine,Mcintyre,56,Micronesia,18,454.420.8605,4770000,grace10@example.com
Joshua,Watson,34,Turks and Caicos Islands,1,662-844-1831x685,970000,katiebrady@example.net
Samantha,Harvey,48,Zimbabwe,0,376-982-9757x431,4580000,coreycontreras@example.net
Michael,Lang,64,Macao,13,001-498-406-5349x816,4730000,jessicawallace@example.org
Michael,Barnett,39,Bangladesh,9,001-823-682-4940x036,4680000,nfleming@example.net
Clarence,Brown,46,Mauritania,3,001-510-650-4328x6496,630000,garciatiffany@example.org
Antonio,Ferrell,51,Belize,19,(329)665-2264x3265,4280000,zmerritt@example.org
Emily,Castillo,47,Hungary,1,+1-620-476-4450x0291,820000,amy41@example.org
Susan,Cook,64,Guinea,20,5879778299,3130000,melindahampton@example.org
Jacqueline,Kelly,56,Denmark,23,(775)469-9773,2450000,kayla06@example.net
Alicia,Rodriguez,44,Suriname,9,001-831-395-5093x7817,4660000,jessicasnyder@example.net
Brittany,Miller,44,Ireland,4,4215527689,4580000,christopherbrowning@example.net
Curtis,Garcia,78,Lao People's Democratic Republic,25,+1-853-713-0801x675,1850000,samanthafoster@example.org
Penny,Luna,52,Vietnam,15,(326)753-4750x906,4920000,erin51@example.com
Lisa,Carroll,40,Bhutan,4,+1-208-967-6454,1240000,rodriguezkathryn@example.net
Jennifer,Lozano,78,Bangladesh,31,(507)529-8654x86402,4760000,michaelclark@example.com
David,Rivera,66,United Kingdom,2,001-649-259-6864x8309,3400000,tmoreno@example.com
Tyler,Young,58,Cote d'Ivoire,22,4627389318,3590000,xmoore@example.org
Jonathan,Garcia,36,Bosnia and Herzegovina,6,667.354.9217x375,940000,stewartgeorge@example.org
Michelle,Thomas,41,Tokelau,0,660.337.7105,4830000,jessicafoster@example.net
John,Walter,79,Luxembourg,19,001-495-565-4501x484,4730000,iblankenship@example.net
Brian,Graham,78,Poland,3,(473)743-6353,4810000,wheelersandra@example.org
Steven,Evans,65,Turks and Caicos Islands,0,(945)635-8095x0349,520000,zthomas@example.com
Melissa,Martin,63,Swaziland,7,266-297-5940,4220000,tomcohen@example.com
Jennifer,Grant,61,India,26,546-489-1657x38534,4670000,novaklaurie@example.com
Amy,Mcbride,61,Cayman Islands,17,(325)415-7584,2560000,geraldolson@example.org
Alexander,Hurst,32,Burkina Faso,0,919-233-3837x35878,1410000,david62@example.com
Marvin,Villa,31,Argentina,0,(359)603-2205x88519,890000,aaron48@example.com
Debra,Weber,68,Djibouti,22,(468)811-6970,4440000,karengreen@example.org
David,Spencer,39,South Africa,3,001-976-989-1460x5235,2700000,spadilla@example.com
Rebecca,Fleming,31,Netherlands,0,524-399-8887x09251,4830000,swood@example.org
Peter,Mckay,33,Bolivia,2,001-659-516-1186x24908,600000,deborahjuarez@example.com
Amber,Wells,60,Jersey,30,534.840.0122x103,650000,gryan@example.com
Christopher,Edwards,63,French Southern Territories,2,239.862.3027x56482,1700000,lmorris@example.org
Mitchell,Gonzalez,44,French Southern Territories,14,001-409-293-7172x79482,1200000,kward@example.com
Dana,Guzman,47,Saint Kitts and Nevis,11,001-481-351-0217,2300000,andersondonald@example.com
Adrian,Garrett,37,Korea,2,(438)680-5023x42766,1670000,qharris@example.org
Kenneth,Hutchinson,34,French Polynesia,1,001-844-491-3127x8593,2490000,cameronnguyen@example.org
Matthew,Frederick,62,Saint Vincent and the Grenadines,1,629.571.7515,3440000,ballandrea@example.com
Diana,Martin,67,Syrian Arab Republic,1,001-489-441-9638x87034,2680000,qzuniga@example.org
Randy,Wagner,40,Oman,9,+1-403-386-9480,860000,stephanie34@example.com
Thomas,Velasquez,62,Algeria,1,7837236162,3830000,bruce82@example.net
Steven,King,52,Puerto Rico,6,860.687.4051x07710,600000,gchambers@example.org
Kimberly,Green,42,Gibraltar,11,(369)924-5304,3710000,debra17@example.net
Gloria,Thompson,39,American Samoa,7,328-220-2035x8434,1840000,josephjackson@example.net
Christopher,Irwin,51,Anguilla,7,001-220-826-7464x2263,3100000,wallerdaniel@example.net
Betty,Carroll,76,Finland,6,574-823-5561x04432,2910000,jesse11@example.org
Chris,Hardy,62,France,30,001-539-385-3508x672,2150000,marilyn22@example.net
Charles,David,38,Netherlands Antilles,0,(423)613-7939x108,3020000,cruzteresa@example.net
Lance,Sutton,75,Gibraltar,1,001-410-586-4017x43439,4700000,fodom@example.net
Olivia,Holmes,75,Belize,10,6455521295,4390000,dixonautumn@example.net
Beverly,Middleton,45,Burundi,8,001-885-906-7105x3156,1060000,vjackson@example.com
Pamela,Marquez,39,Niue,3,+1-726-428-1222x564,4610000,freese@example.org
Chris,Levy,72,Netherlands Antilles,13,(580)451-1825x0795,2700000,brownryan@example.org
Edward,Perez,67,Wallis and Futuna,8,736-916-6696x10253,1250000,ramseymike@example.org
Jason,Martinez,75,Holy See (Vatican City State),2,826.859.0497x23306,1390000,stephanie02@example.net
Carly,Mcclure,41,Syrian Arab Republic,9,001-546-766-2540x908,540000,danielrodriguez@example.org
Michael,Munoz,55,Northern Mariana Islands,15,232-510-2093x530,3680000,uthompson@example.com
Danielle,Leach,61,Qatar,2,001-995-649-8345x12567,3060000,iromero@example.net
James,Herrera,36,United States of America,6,+1-403-432-0529x7907,3610000,morrisonpeggy@example.com
Emily,Hawkins,62,Lebanon,6,372.809.8834x989,4120000,robertsthomas@example.com
Robert,Pratt,32,New Caledonia,2,001-583-548-8040x16472,2990000,theresa06@example.org
Reginald,Roach,60,Rwanda,30,454.654.8884x841,2960000,lisa07@example.org
Raymond,Robinson,76,Wallis and Futuna,3,324.704.7943x46024,1900000,clayton55@example.com
Jessica,Perez,36,Kyrgyz Republic,4,+1-311-374-7413x070,4650000,lchapman@example.org
Christopher,Hanson,75,Turkey,31,(766)414-3731x2708,4460000,martinezrichard@example.org
Laurie,Edwards,65,Aruba,23,332.229.2534,620000,rachel61@example.com
Shawn,Ramsey,62,Australia,32,(394)208-4139x141,4510000,njohns@example.org
Margaret,Porter,58,Suriname,10,+1-548-373-3889x15004,4190000,hsparks@example.com
Brandi,Hendrix,43,Montenegro,13,531-709-8941x4037,4710000,wgreene@example.org
Kyle,Woods,46,Saint Martin,14,+1-803-575-0393,4130000,billy97@example.net
Amanda,Richards,69,Aruba,16,+1-864-645-6050,2500000,nicole23@example.com
Jennifer,French,56,Dominican Republic,22,(228)620-6273,1080000,fmason@example.net
Danny,Henderson,50,Russian Federation,10,001-343-518-7943x1667,3460000,tuckereric@example.net
Katelyn,Bell,65,Thailand,6,478-661-8485x3164,4300000,ohawkins@example.net
Megan,Berry,32,Cook Islands,1,001-795-903-4347x246,2310000,wandalarson@example.org
Aaron,Walker,43,Oman,3,323-815-3977x978,2370000,charlesgarcia@example.com
Lisa,Alvarado,41,British Indian Ocean Territory (Chagos Archipelago),10,739.851.8888,1430000,eespinoza@example.org
Stephen,Rice,36,Saint Kitts and Nevis,1,260-404-0959,2380000,jamescisneros@example.com
Alexander,Brady,54,French Polynesia,19,499-734-9069x101,1520000,kevin08@example.com
Christina,Howell,61,Eritrea,1,001-552-580-4027x47977,1050000,matthewcarter@example.com
Heidi,Buck,30,Slovakia (Slovak Republic),0,930.490.8688,2940000,brianwilliams@example.org
Crystal,Cross,57,Faroe Islands,20,(536)304-5360x209,3060000,matthewmoore@example.net
Jillian,Pacheco,40,Liberia,3,212-969-6465x3644,4670000,johndyer@example.com
Mary,Dominguez,64,Tuvalu,13,2099509259,3790000,adam44@example.org
Christina,Green,68,United Arab Emirates,32,737.712.6493x4126,1450000,woodangela@example.com
Colleen,Powell,52,French Southern Territories,22,329-201-0684x74239,4010000,ulopez@example.org
Lawrence,Shah,57,Tokelau,2,953-933-1601x729,2940000,reidmonica@example.net
Jack,Thompson,59,Kyrgyz Republic,24,(744)565-7959x422,940000,afoster@example.net
Victoria,Ibarra,79,Netherlands,33,297-503-7666,4730000,timothy83@example.org
David,Smith,78,Dominica,39,8023532163,2070000,pcooper@example.org
Tina,Pollard,48,Brunei Darussalam,1,001-838-670-2207,820000,cooperbrian@example.com
Felicia,Jarvis,55,Hong Kong,23,001-988-223-8025,2380000,joshuahuffman@example.com
Jeffrey,Smith,44,Norfolk Island,6,493-823-6774x1855,3080000,shepherdbenjamin@example.net
Lauren,Mitchell,78,Serbia,32,750-784-7080x45853,2940000,megan93@example.com
Alicia,Rice,54,United States Virgin Islands,24,+1-815-918-4174x27146,1620000,hannahmeyer@example.org
Sherry,Lowery,73,Ireland,35,001-633-765-5250,4250000,travisbennett@example.net
Brian,Mckenzie,35,Bosnia and Herzegovina,5,+1-883-671-1186,4510000,pinedatimothy@example.com
Leah,Davenport,45,Cocos (Keeling) Islands,0,915.674.2875x02948,3820000,adamslisa@example.org
Joy,Mckay,51,Niger,15,2697084300,1810000,latoyabyrd@example.com
Sydney,Brown,70,United Arab Emirates,5,+1-968-836-7905,1860000,sonyathompson@example.com
Catherine,Montes,68,Hungary,24,(492)427-7729,1010000,fmathis@example.org
Mike,Stone,34,Kenya,0,+1-801-483-7753x17613,4970000,omaldonado@example.net
Michael,Hernandez,55,Bhutan,20,001-991-544-8334x8807,1580000,brandylee@example.org
Joel,Rojas,74,Burundi,18,(407)226-3833x047,2950000,michaelmiles@example.net
Christine,Freeman,61,Guinea-Bissau,6,(604)861-2206x4803,1120000,cgallagher@example.org
Anna,Holmes,57,Maldives,7,001-291-690-8661x5662,1820000,martingregory@example.com
Amy,Miller,55,Saint Kitts and Nevis,24,9654844710,4180000,ryan49@example.net
Michael,Gonzales,70,Saint Barthelemy,20,9659828702,2970000,qscott@example.net
Shelly,Johnston,50,Malaysia,6,4244257240,1610000,robert49@example.com
Margaret,Combs,71,Estonia,40,+1-491-256-0990x52136,2060000,gonzalezdavid@example.com
Brian,Moran,62,Cayman Islands,29,001-542-790-0159,3000000,claire09@example.com
Daniel,Brooks,51,Uganda,21,239-699-4746x1895,4200000,joel84@example.com
Janet,Fernandez,74,Portugal,33,(994)567-6209x946,4370000,thorntonbobby@example.org
Megan,Simmons,78,Bulgaria,43,839.894.4065,4620000,adkinsmichael@example.org
Robert,Mccall,39,French Southern Territories,3,(212)381-0658,4860000,mcphersonerica@example.com
Paul,Clark,62,Norway,7,001-588-321-3986x728,4450000,james12@example.net
Michael,Mcdowell,71,Bahrain,39,788.615.3516x0710,3650000,alyssa91@example.net
Stephanie,Marshall,48,Saint Pierre and Miquelon,17,+1-530-370-5020x99753,940000,william28@example.org
Bridget,Grant,69,Uzbekistan,1,001-807-265-7857,920000,taramoyer@example.org
Eric,Blevins,78,Eritrea,21,461.204.0514x059,2320000,chad01@example.org
Daniel,Perez,58,Hong Kong,17,6138200185,1180000,stephen25@example.net
Katherine,Brooks,78,Netherlands,42,934-635-9088,2180000,reginald68@example.net
Amanda,White,33,India,0,738.394.8220x040,2740000,tmarshall@example.com
Roger,Wells,31,Tanzania,1,(360)560-6293,1760000,cgreene@example.com
Patricia,James,44,Angola,7,(543)651-3598x846,2170000,utorres@example.org
Jeffery,Kerr,33,Guam,2,+1-906-315-6430x67823,4840000,cbowman@example.org
Joseph,Foster,33,Guinea-Bissau,2,+1-655-732-2725x679,560000,lauralopez@example.org
Linda,Ramos,77,Belize,33,001-981-831-5197x6864,4910000,brandonsoto@example.net
Rita,Maldonado,43,Tokelau,5,842-216-7317,3910000,gpadilla@example.com
Mary,Hammond,39,Latvia,8,300.791.6714,1940000,rebecca94@example.org
Dustin,Tapia,64,Bulgaria,32,6074609475,4080000,claytonwilliams@example.com
Samantha,Spears,44,Tunisia,2,9026094110,4750000,jmccall@example.org
Devon,Anderson,57,Azerbaijan,3,(489)256-6872,4770000,mjohnson@example.net
Kristin,Watson,49,Holy See (Vatican City State),4,276.264.0860x470,1410000,feliciapierce@example.net
Michelle,Nguyen,78,Somalia,8,(515)550-4628x927,1640000,krista93@example.org
Peggy,Miller,38,Albania,0,600-557-2128,3600000,psmith@example.net
Ann,Moss,51,Afghanistan,2,(586)816-3078,4870000,davidmiller@example.net
Kristin,Washington,31,El Salvador,0,+1-672-320-0414x37349,1060000,victoria11@example.org
Michael,Smith,59,Benin,16,678-278-7702,2960000,danielpotter@example.com
Michelle,Alvarado,43,Suriname,12,946.781.4094x848,2720000,wallchristopher@example.org
Robert,Bullock,51,Falkland Islands (Malvinas),14,001-971-873-3648,2560000,bhall@example.net
Rebecca,Lindsey,46,Senegal,8,001-343-754-2197x888,1940000,fjuarez@example.org
Vanessa,Black,57,Aruba,17,582.464.8110x292,4810000,jessica10@example.com
Michael,Cooper,51,Guernsey,4,(884)413-5288x5505,830000,uhoward@example.com
Lisa,Becker,63,Swaziland,5,453-405-5916x263,690000,amy25@example.org
Dana,Chavez,31,British Indian Ocean Territory (Chagos Archipelago),1,(865)753-7696x448,2770000,carrolldavid@example.net
Lisa,Sullivan,40,Grenada,5,603.815.7309,2570000,bgonzales@example.org
Vincent,Miller,39,Greece,0,613.458.7608x932,1350000,taterobert@example.net
Jean,Smith,76,Qatar,25,775.848.5923x395,3250000,proberts@example.com
Sandra,Hardy,63,Macao,31,993-615-5470,1870000,mhicks@example.net
Carol,Rocha,36,Barbados,3,(975)665-7475x95230,3000000,psmith@example.net
April,Thompson,61,Bouvet Island (Bouvetoya),29,+1-626-725-1462,3290000,ortizalyssa@example.net
Jennifer,Lewis,50,Norway,2,(945)387-8037,3880000,mayerchristina@example.org
Steven,Collins,53,Norfolk Island,15,001-621-446-3612x4836,1310000,hector49@example.net
Christopher,Martinez,38,Faroe Islands,3,001-260-392-2885x442,4300000,wgreen@example.net
Ross,Graves,62,Gambia,4,439-292-3796x2907,2180000,pwilliams@example.com
Marc,Johnson,66,United States Minor Outlying Islands,25,3005094735,2600000,ashleysalazar@example.com
Kimberly,Hamilton,75,Pakistan,45,001-533-914-7659x3460,3940000,marie97@example.net
Jenna,Obrien,66,Saint Martin,27,+1-685-972-3426x96616,990000,iyoung@example.net
Stacey,Peterson,76,Faroe Islands,31,(575)289-8951,1420000,joelclark@example.org
Collin,Underwood,64,Hong Kong,22,001-965-884-4347x1607,1700000,mia48@example.org
Michelle,Sanchez,74,Kyrgyz Republic,42,320-997-8914x758,2700000,connie14@example.com
Justin,Marks,38,Turks and Caicos Islands,0,(523)763-5983x87524,3960000,david89@example.net
Jeffrey,Hernandez,53,Hungary,15,727-415-4092,1780000,umoreno@example.org
Kim,Wright,57,Uganda,0,220-286-7458x213,950000,timothy97@example.com
Brian,Johnson,74,Bulgaria,31,(749)778-4494x2100,3780000,gbonilla@example.net
Lauren,Hess,64,San Marino,18,001-472-203-5641x48875,4390000,lcarlson@example.com
David,Martinez,47,United States Minor Outlying Islands,8,+1-737-903-6455x609,4110000,alexmarks@example.net
Michelle,Hall,43,Kuwait,9,(901)583-4642x32757,3550000,dalereid@example.net
Edward,Ray,46,Niue,16,(492)782-5164,800000,davidjones@example.com
Michelle,Peck,62,Equatorial Guinea,19,(731)534-2091x375,1980000,qheath@example.com
Mark,Garcia,62,Cameroon,17,001-657-271-1008x776,2760000,jacksonamanda@example.com
Donna,Williams,71,Turkmenistan,12,(864)781-2154x2268,4590000,dawn37@example.net
David,Moody,65,Pitcairn Islands,0,001-755-291-7830x075,4360000,andreaphillips@example.com
Elizabeth,Hicks,52,Morocco,20,001-919-491-5771x29650,750000,beasleymelissa@example.org
Stephen,Stone,75,Malawi,44,001-824-836-3934x09407,4930000,ronaldlopez@example.org
Christopher,Jones,44,Mauritania,2,979.401.6922,960000,william06@example.org
Julie,Caldwell,53,Madagascar,15,+1-599-484-5163x5002,2050000,mason69@example.com
Claire,Johnson,32,Switzerland,1,+1-712-601-5773x688,3080000,matthew57@example.com
Nichole,Swanson,77,Faroe Islands,39,323.387.7708x1705,3280000,waltonkayla@example.org
Wanda,Hartman,58,Heard Island and McDonald Islands,22,(303)360-7773,3780000,charles27@example.org
Lori,Richmond,38,Zimbabwe,1,(492)568-7836x957,3650000,ashleykaiser@example.org
Jose,Stewart,34,Malawi,0,265.281.9483x84054,1550000,arobinson@example.org
Felicia,Gonzales,47,Brazil,11,+1-718-684-2562,1250000,boydsamantha@example.com
Sarah,Burke,53,Pakistan,8,001-771-930-0351x79590,3710000,jessicawalker@example.com
Kevin,Hale,40,Latvia,9,959-562-6327x8536,3790000,nmoreno@example.net
Tina,Cox,38,Montenegro,7,4647871579,3410000,mayerrichard@example.com
Julia,Keller,31,Algeria,1,2303233226,960000,keithsimon@example.org
Krystal,Lewis,43,Serbia,5,495.794.1626x4185,4330000,nathanlawson@example.net
Jose,Moreno,48,Cape Verde,2,600-702-2877x0996,3580000,sandra25@example.com
April,Moore,59,Liberia,13,+1-682-690-0281x886,4630000,butlerlisa@example.com
Frank,Beck,39,Italy,3,+1-738-979-5178x162,3910000,riveradavid@example.org
Andrea,Douglas,41,Micronesia,5,807.238.9386,1000000,sarahallen@example.net
Amber,Hampton,40,Nicaragua,9,320.780.3540,4720000,iolsen@example.org
Jon,Barnes,38,Ecuador,8,257.565.4597x980,980000,llawrence@example.org
Lynn,Odonnell,33,Turkey,0,(981)386-4380,3070000,brandongomez@example.net
Michael,Fisher,59,Isle of Man,15,(510)880-4366x4714,4320000,kathryn19@example.com
Jacqueline,Cantrell,68,Gabon,38,794.848.9030x29547,2980000,courtney68@example.org
Gregory,Salazar,40,Qatar,7,517.761.9128x3491,4150000,brittany80@example.net
Steven,Garcia,67,United States Minor Outlying Islands,19,221.333.4591x529,4350000,jmccoy@example.com
Brittany,Valdez,39,Belize,0,+1-694-543-6239x068,3320000,tamara16@example.net
Brian,Smith,34,Argentina,0,7858156420,930000,nicole53@example.org
Norman,Nash,66,Angola,0,7082126062,1910000,websterkaitlyn@example.com
Oscar,Hernandez,70,United States of America,27,393-516-1947x34933,3060000,kirbyalyssa@example.com
Beverly,Brown,50,New Zealand,9,231-394-0586x4383,2790000,udawson@example.org
Veronica,Adams,72,Puerto Rico,31,594-300-4522,3990000,melanie92@example.com
Eric,Carpenter,61,Portugal,16,(604)568-9642x103,2470000,mclaughlinjustin@example.com
Amanda,Torres,60,Namibia,28,001-700-759-3015x1793,4650000,rebeccahall@example.com
Andrew,Fisher,35,Bangladesh,5,+1-224-403-1750x0759,2570000,john85@example.org
Cathy,Salinas,78,Cuba,11,(570)408-7468x636,3750000,rogerskimberly@example.com
Javier,Case,70,Pitcairn Islands,25,+1-317-869-0269,4910000,frenchpatricia@example.com
Emily,Wang,51,Poland,9,(207)749-2122,4530000,jacob64@example.org
Holly,Anderson,67,Nicaragua,8,+1-847-557-4992x6485,4250000,flee@example.org
Michele,Carter,64,Niger,14,001-514-295-1661,1540000,joseph35@example.com
Felicia,Jones,69,Cyprus,8,289.784.8160x386,4710000,gregory89@example.com
Renee,Maxwell,62,Mayotte,19,+1-324-262-3857,1270000,ufreeman@example.com
Darren,Morris,39,Jersey,6,001-857-559-5023x631,3390000,dave73@example.net
Linda,Brown,62,Niue,25,620-203-2285x9175,1550000,christinegray@example.net
Glen,Frazier,60,Cyprus,20,(516)412-3820x0234,1350000,taylor20@example.com
Sandra,Kelly,48,Hong Kong,16,979-415-3305x73092,2950000,bettyjohnson@example.com
Jerry,Clay,69,Bouvet Island (Bouvetoya),32,327.627.5858x8584,1850000,whitecindy@example.org
John,Sweeney,70,Poland,16,+1-764-501-2811,4920000,kimberlyjones@example.org
Shawn,Ellis,66,Morocco,12,555-519-3461,4770000,amandaconway@example.net
David,Carter,39,Northern Mariana Islands,8,459-356-0115x70983,910000,danielle90@example.net
Paula,Boyer,48,Gambia,8,488.761.0832,800000,othompson@example.net
Mary,Taylor,48,Mauritius,0,+1-845-410-5950x8118,4690000,uthompson@example.net
Nicole,Morrison,77,Norway,42,(334)743-0611x824,4880000,justin73@example.com
Johnny,Campbell,46,Honduras,9,001-659-952-5562x608,770000,bradyeileen@example.org
Jeffrey,Brown,67,Slovakia (Slovak Republic),15,687.208.5871,1780000,williamselizabeth@example.com
Yvonne,Carpenter,47,Philippines,13,(952)313-1927x5669,3180000,nicholas61@example.org
Scott,Nelson,71,Saint Vincent and the Grenadines,17,001-356-559-0031x36859,3640000,louisarias@example.net
Beth,Diaz,59,Bahrain,27,(475)764-9708x84908,4860000,iramirez@example.net
Wayne,Ray,62,Somalia,17,+1-986-811-0133x11860,4410000,ssingh@example.com
Keith,Simpson,66,Central African Republic,3,(985)818-3104,2080000,jeffersonjoshua@example.org
Michael,Mason,60,Moldova,4,386.423.2193,4850000,twhite@example.org
Tracey,Hutchinson,63,Kiribati,11,(447)737-8242x846,4170000,johnstewart@example.org
Wanda,Nguyen,62,Andorra,4,984-712-3974x18431,1080000,lee88@example.org
Ricky,Koch,55,Montserrat,10,832.905.7076x828,1240000,sandra78@example.org
Michael,Gonzales,77,Japan,37,915-803-8768x793,2530000,connorgriffith@example.org
Paul,Brown,60,Russian Federation,23,001-462-211-3005x976,4040000,gonzalezdonald@example.com
Roberto,Foster,58,Liberia,17,5437809133,2230000,ryan66@example.net
Amber,Harrell,74,Venezuela,37,7893734276,4550000,everettaaron@example.org
Wanda,Hernandez,44,Bhutan,0,2416275143,3630000,alexlewis@example.org
Ronald,Mcdowell,45,Zambia,10,343.840.7042x6888,3700000,potterkaitlin@example.com
Kristina,Bennett,41,Anguilla,3,5099588462,990000,spencer69@example.com
James,Diaz,46,Hungary,10,344-758-5782x859,1830000,derrick93@example.net
Juan,Davis,79,Lebanon,27,635.504.9748x413,1650000,edward87@example.net
Robert,Thompson,68,Colombia,34,+1-595-644-0880x520,3340000,cbrooks@example.org
Jason,Morton,41,Peru,6,240-970-3405x7321,4590000,sjones@example.com
Emily,Austin,30,Andorra,0,+1-835-492-9787,3030000,omartin@example.com
Roy,Gross,62,Bouvet Island (Bouvetoya),5,(254)945-3879x86085,3830000,hoodnicole@example.com
Jennifer,Cuevas,79,Germany,26,291-662-0797x842,3990000,paula79@example.org
Michael,Holt,76,Antigua and Barbuda,37,508.627.2026x25978,2730000,coffeyhannah@example.org
Gilbert,Carter,50,Jersey,7,(402)303-1615,630000,abeltran@example.com
Amy,Cook,37,Australia,0,001-652-711-5435x0453,1480000,teresa64@example.com
Kevin,Burke,40,Belgium,8,+1-668-547-7741x0429,1700000,xfoley@example.net
Teresa,Perez,75,Palestinian Territory,20,(296)781-0556x71064,2070000,sloanjames@example.net
Teresa,Walker,74,Brazil,1,+1-579-858-7031x436,3280000,barbara07@example.com
Daniel,Smith,79,Japan,40,(458)595-4135x82379,2930000,johnsonsamantha@example.org
Richard,Russell,46,South Georgia and the South Sandwich Islands,16,(237)688-6969,1180000,fbailey@example.org
Thomas,Suarez,33,Equatorial Guinea,3,+1-596-572-5700x4537,4140000,acrawford@example.org
Oscar,Garner,54,Bahrain,22,001-403-832-5447x73868,3770000,fullermichael@example.net
Aaron,Joyce,37,Congo,3,693.267.1725x8015,2150000,howelljonathon@example.net
Kristy,Hunt,45,Slovakia (Slovak Republic),13,(932)568-4419x90802,3870000,harrisronald@example.com
Ashley,Curtis,69,Wallis and Futuna,12,+1-369-805-7942x36003,3820000,rhenry@example.org
Julie,Roman,77,Botswana,16,227-774-4275,3940000,kevin87@example.com
James,Graves,55,Tanzania,21,873.303.2673x3466,3660000,eclarke@example.org
Vanessa,Morgan,48,Bangladesh,10,+1-470-400-8337x0788,2280000,michaelweeks@example.net
Travis,Gilbert,45,Svalbard & Jan Mayen Islands,1,001-538-210-2334x84847,4010000,torreseric@example.net
Kirk,Calhoun,40,Heard Island and McDonald Islands,9,+1-758-605-1509,1050000,campbellveronica@example.org
Jessica,Hernandez,65,Lithuania,31,001-724-461-0760,4060000,yali@example.net
Jason,Hurley,69,Liberia,16,467.768.1777x82741,3470000,dstout@example.org
Amy,Marshall,47,Malta,13,+1-608-642-0202x8929,3950000,justin30@example.org
Andrew,Rich,65,Panama,13,226.497.5485,4110000,mitchelljoshua@example.net
David,Christensen,31,Martinique,1,(893)851-9321x836,2920000,matthewnelson@example.org
Robert,Le,69,Ukraine,14,5414375372,4460000,mtucker@example.com
Laura,Brown,43,Lebanon,6,(671)287-9906x06429,4660000,emartinez@example.org
Carlos,Powers,37,Afghanistan,5,001-602-729-8023x5087,3170000,mvargas@example.com
Mario,Carr,45,New Caledonia,11,+1-584-998-9026,4600000,ifischer@example.net
Scott,Morales,56,Comoros,13,+1-912-783-3657x6595,4530000,twilliams@example.org
Joann,Grant,44,Burundi,10,+1-780-977-1893x97290,3500000,johnblack@example.com
Ronald,Ortiz,57,Taiwan,16,+1-783-284-8145,4260000,bestkenneth@example.com
Laura,Reeves,67,Western Sahara,30,(750)572-2291,4190000,martinvictoria@example.org
Susan,Daniel,62,Iran,31,384.869.7022x338,4640000,holly65@example.com
David,Ruiz,55,Iraq,24,001-204-988-1111x4668,2500000,lance56@example.net
Laura,Brown,35,Uruguay,1,653.634.6279x403,2090000,mercertimothy@example.net
Cathy,Hunt,72,Sao Tome and Principe,30,+1-700-616-1822x249,2100000,jenniferbuck@example.net
Andrea,Carey,32,Lao People's Democratic Republic,1,(863)552-6263,4760000,cbolton@example.net
William,Bonilla,31,Pakistan,0,001-400-513-1391x81389,4460000,williamtorres@example.com
Monica,Gordon,74,Martinique,39,(205)759-3825x803,4890000,anthony44@example.net
Russell,Maxwell,39,Iraq,9,001-262-470-5175x392,2800000,hannah48@example.org
Rachel,Kirby,60,Sri Lanka,2,001-791-541-7811x935,2760000,rstevens@example.net
Amber,Rivers,31,Vanuatu,0,567.752.8650x83139,2920000,petersonjason@example.com
Erica,Silva,31,Guinea-Bissau,1,001-683-769-3593x1999,3600000,elynch@example.net
Larry,Turner,63,Turkmenistan,24,+1-501-814-1015,2170000,kfrank@example.com
Robert,Erickson,59,Palestinian Territory,22,+1-799-927-9416,2570000,moorecharles@example.org
Ryan,Anderson,36,Isle of Man,0,(455)845-0224,2140000,ywilliams@example.org
Edward,King,54,Austria,2,(426)519-0911,1390000,dmay@example.com
Robin,Johnson,76,Nauru,11,(789)454-4501x6577,3900000,owatkins@example.net
Robert,Tucker,42,Somalia,3,702.655.3750x071,3400000,kevin87@example.com
Bob,Bryant,35,Serbia,4,001-467-556-5786x247,2850000,jeffreyflores@example.org
Ryan,Spencer,60,Comoros,28,(692)541-2709x740,1300000,oevans@example.com
Brooke,Love,51,Samoa,4,528.362.9556x884,2330000,samanthakerr@example.com
Amber,Woodard,54,Niue,7,7019147731,1120000,ogilbert@example.org
Brian,Lynn,40,Bermuda,6,714.417.8012,4410000,dianahill@example.com
Lori,Serrano,67,Congo,21,(880)335-4592x273,2770000,christiandouglas@example.org
Amber,Anderson,73,Libyan Arab Jamahiriya,5,+1-552-597-4675x36876,3780000,turnerashley@example.net
Rachael,Jones,64,Seychelles,13,+1-687-428-4829,1540000,kevinwelch@example.com
Betty,Williams,44,Mauritania,1,769.640.5217,1740000,michelleferguson@example.net
Laura,Robinson,63,Sao Tome and Principe,12,001-457-910-4452x08310,1290000,lynchdarrell@example.com
Marcus,Arnold,38,Spain,5,652.935.2011,4450000,nadams@example.net
Jennifer,Frye,48,Palestinian Territory,12,285.600.2382x5516,4930000,stokesmichael@example.org
Christopher,Garcia,74,Kenya,3,665-664-7730,1790000,wclark@example.org
Lisa,Nielsen,33,Costa Rica,1,+1-259-203-6532x5018,2910000,huffmanmichael@example.org
Eric,Robinson,52,United Arab Emirates,2,(597)293-9768,2510000,scottedward@example.org
Lisa,Mason,47,South Africa,1,(300)493-7514x89745,2070000,lward@example.net
Hannah,Monroe,39,Armenia,7,231-352-4501x262,1550000,huangalexander@example.net
Jasmine,Quinn,63,Saint Martin,0,811-809-1110,2880000,shane95@example.org
Carrie,Garcia,32,Saint Pierre and Miquelon,0,355.842.3726,3000000,chayden@example.net
Lori,Hernandez,31,Jersey,0,+1-210-348-5384x11775,3960000,hamiltonjames@example.com
Mark,Ross,31,Kuwait,1,(703)200-3816x53417,2400000,mark66@example.org
Chad,Nash,43,Gibraltar,9,001-617-824-4183x6416,3930000,pblack@example.org
Cody,Clark,52,Sweden,10,738.362.7819x3870,3160000,stephanieking@example.net
Katherine,Contreras,61,Faroe Islands,1,382-529-1484x65186,790000,edwinflores@example.com
Aaron,Lloyd,43,Austria,11,(404)739-4979,3540000,lori89@example.net
Shawn,Flores,44,Sri Lanka,13,(916)851-7075x4365,1010000,derrick22@example.net
Richard,Reese,50,Yemen,0,(397)230-6851x5924,710000,cooperamanda@example.net
Kyle,Watson,62,Haiti,24,(718)581-9000,4180000,longashley@example.org
Elizabeth,Harvey,76,Cyprus,28,221.502.2884x953,1810000,jade73@example.net
Manuel,Barnes,44,Uganda,12,001-909-421-3920,2370000,stevenhicks@example.net
Carlos,Smith,45,Vanuatu,14,594-994-9352x78095,2530000,wharmon@example.net
Justin,Adams,37,Mayotte,5,(278)731-7458,4020000,gfowler@example.com
Stacy,Leach,48,Kyrgyz Republic,14,940.558.6816x920,1720000,vrichardson@example.com
Jamie,Morton,37,Iceland,3,(767)800-4751x80932,1860000,bguerrero@example.org
Michaela,Garcia,59,Montserrat,15,001-243-438-9708,3320000,lsingh@example.com
Timothy,Reyes,55,Egypt,11,(689)945-9601x1535,2270000,davidsmith@example.net
Jill,Howard,53,Ethiopia,6,(527)726-6520,4770000,kelly52@example.org
Amy,Wallace,31,Burundi,0,976-392-1183x30827,510000,wcisneros@example.org
Roberto,Mcintyre,71,Ethiopia,2,001-832-347-6621x7291,2570000,medinacharles@example.org
David,Rodriguez,44,Bosnia and Herzegovina,8,283-732-3957,1750000,timothylopez@example.net
Jonathan,Welch,48,Burundi,1,+1-868-357-6411x31635,2720000,nchurch@example.org
Bradley,Carpenter,54,Indonesia,13,581.600.2925,3370000,icarrillo@example.org
Michael,Rogers,57,Cuba,22,8472194712,2300000,vincentnathan@example.com
Brittany,Sullivan,43,Botswana,8,520.234.0036x973,2230000,blackmichael@example.com
James,Smith,30,Turkey,0,001-609-304-9429x1563,4610000,jerry22@example.org
Susan,Barker,77,Macao,34,413-895-6401,3640000,maria72@example.org
Carla,Anderson,36,Micronesia,5,001-705-284-8042x16261,3350000,michael65@example.net
Sarah,Nguyen,76,Iran,25,(848)974-8047,4940000,nelsonkaren@example.org
Barbara,Wilson,64,Mongolia,25,(784)653-5486x3754,3530000,orrmike@example.com
Jose,Crawford,59,Portugal,25,3936121025,3150000,oharris@example.com
Donna,Gibbs,52,Malawi,6,+1-421-223-2156,4790000,hvasquez@example.com
Carol,Brown,68,Western Sahara,17,(771)922-8123x061,4170000,jerryfriedman@example.com
Jeff,Ruiz,79,Northern Mariana Islands,46,519.323.6031,3370000,jpena@example.com
Brian,Davidson,50,Sao Tome and Principe,2,3926519578,3240000,wisejoe@example.net
Natasha,Valenzuela,38,Monaco,3,7774251203,1560000,williamsalas@example.org
John,Hamilton,41,Kiribati,8,331-406-3257x834,1600000,gregory69@example.org
Garrett,Kelly,48,Guyana,14,424.680.2063,4020000,ngomez@example.net
Steven,Fuentes,41,Congo,6,+1-292-317-5285x37191,2350000,cheryl99@example.net
Jasmin,Baird,58,Ireland,16,4067990201,2090000,cjohnson@example.net
Richard,Clark,40,Central African Republic,0,+1-928-721-6135x422,3880000,ncox@example.com
Robert,Silva,31,British Indian Ocean Territory (Chagos Archipelago),0,745-650-2166x313,4250000,erik63@example.org
Shannon,Moss,33,Vietnam,0,(686)910-1491x4337,2400000,michelle75@example.org
Bobby,Sims,54,Mayotte,11,632-783-7213x367,3800000,jodi08@example.net
Kendra,Anderson,42,Uganda,8,001-950-295-6374x46997,1940000,hensoncolin@example.org
Brett,Davis,31,Israel,1,863-290-2146,2940000,scottlisa@example.com
Robert,Ford,57,Falkland Islands (Malvinas),22,344-731-4176x15376,4590000,masseychad@example.org
Justin,Keith,67,British Virgin Islands,0,+1-624-720-9946x7649,660000,sherry77@example.com
Caroline,Thompson,48,Anguilla,8,388.811.8333,1090000,relliott@example.org
David,Nielsen,49,Gambia,13,595.432.8574,1020000,rmeyer@example.org
Deborah,Coleman,44,Syrian Arab Republic,4,683-728-5835x9193,2950000,lozanowilliam@example.org
Terri,Martinez,36,Gambia,5,404-947-1438x47506,2590000,smithcynthia@example.org
Jason,George,40,Chad,3,001-405-753-7564x808,3080000,mlong@example.net
Claudia,Harris,44,Swaziland,14,588.648.9243x5082,3440000,bennettjeremy@example.org
Carrie,Taylor,38,Denmark,6,(938)802-5561,550000,jasminelong@example.com
Isaac,Lewis,30,Heard Island and McDonald Islands,0,001-843-673-5708x2828,2050000,hhernandez@example.net
Nicole,Galloway,38,Suriname,1,7612662451,2590000,brian32@example.org
Javier,Bates,32,Anguilla,1,(537)340-8322x59833,2370000,courtneytorres@example.net
Sandra,Johnson,62,Turkmenistan,31,5254180545,2630000,todd48@example.org
Renee,Moore,54,Mozambique,22,984.364.3989x5126,900000,raymond48@example.net
Brittany,Moore,37,Saint Kitts and Nevis,2,411.952.4858,990000,kingamy@example.org
Stephen,Gallegos,43,Comoros,4,001-219-872-2071,3630000,katherine02@example.net
Douglas,Hubbard,36,Cyprus,6,299.926.8540,4410000,peterdavis@example.com
Pamela,Pierce,52,India,14,(872)414-9296x7203,4990000,dwatson@example.org
Andrew,Fox,52,Austria,7,6664891963,1790000,shogan@example.net
Robert,Ortiz,30,Romania,0,001-920-253-9190x074,3710000,lyonscharles@example.org
Daniel,Zimmerman,45,Zimbabwe,9,(975)625-0240x7501,2200000,alberthuynh@example.net
Aaron,Weber,51,Saudi Arabia,12,564.849.1101x23473,3960000,ylopez@example.com
Michelle,Lewis,48,Grenada,15,001-325-278-2898x5175,580000,william67@example.org
Robin,Ruiz,56,France,23,754-679-5657,4090000,charles10@example.net
Kaitlyn,Carroll,50,Bolivia,7,287-789-1290x264,3810000,rubiokatherine@example.net
Whitney,Bullock,72,Benin,2,+1-783-931-8101,1360000,awhitaker@example.net
Michael,Ramos,64,Bolivia,23,675-497-5433,2080000,haassharon@example.com
Timothy,Mitchell,75,Georgia,40,208.472.7046,1930000,kelly68@example.org
Aaron,Smith,32,Senegal,2,+1-791-294-2267,3130000,qcardenas@example.net
Ana,Page,39,Solomon Islands,4,+1-516-959-2789,4880000,debra06@example.net
Dennis,Warren,78,Djibouti,36,5352353173,2170000,iblair@example.net
Melissa,Bailey,33,Sierra Leone,3,(334)727-1564x0486,4080000,wilsonscott@example.net
James,Odonnell,37,Nicaragua,5,+1-719-685-0186x023,1560000,ywoodward@example.com
Peter,Banks,35,Netherlands,4,(479)820-6073,2640000,andersonwhitney@example.com
Nicholas,Bennett,36,Japan,0,838.747.2249x47790,4740000,allenmichelle@example.net
Chad,Gomez,34,Vanuatu,4,741-833-5479x171,1290000,johnluna@example.org
Jeff,Robinson,71,Spain,0,332-608-5574x42999,4080000,umorales@example.org
Lisa,Perry,55,Saint Barthelemy,14,(366)807-5009x2711,4190000,christopher51@example.org
John,Rios,67,British Virgin Islands,37,(701)767-4671x0941,2500000,dwayne40@example.com
Ashley,Woods,70,Eritrea,29,8698777432,750000,daltonchris@example.com
Samantha,Johnson,55,Cyprus,7,001-352-570-5618x679,3280000,solomondonna@example.com
Phyllis,Cabrera,40,Czech Republic,8,(414)867-7990,2290000,tracy64@example.org
Sean,Marquez,63,Niger,1,8082380159,1440000,mackalexandra@example.com
William,Fuentes,54,United States Minor Outlying Islands,23,522.710.3736,3300000,simonkelly@example.com
Brandi,Hernandez,77,Botswana,42,246.512.4025x09404,4080000,jamesdavid@example.com
William,Lucas,32,Isle of Man,0,+1-970-626-1593x908,3900000,kylealvarez@example.org
Richard,Holder,78,Nepal,19,756.803.4037,4730000,dylan38@example.net
Amy,Moreno,66,Chad,15,314-602-1764,3930000,steve57@example.net
Lance,Montgomery,64,Turkmenistan,17,941-997-6726,2440000,cayala@example.org
Benjamin,Martin,53,Saint Vincent and the Grenadines,12,(838)771-7469x65347,2830000,michaelcooley@example.net
Charlene,Lewis,41,Guernsey,3,+1-514-947-1124x975,2160000,joshua88@example.org
Kenneth,Thompson,39,Western Sahara,2,+1-678-910-1916x76876,1470000,elizabeth31@example.net
Katie,Wilson,62,Netherlands,21,+1-512-222-5273x657,1130000,lfaulkner@example.org
Ronald,Gilbert,30,Malta,0,8512505918,1470000,william93@example.net
Mark,Ross,62,Greenland,21,859.675.7683,2500000,dorothymyers@example.com
Chad,Saunders,73,Mozambique,40,(930)884-3710x32971,1750000,morrisonrichard@example.org
Kevin,Valentine,59,Nepal,7,(284)279-6098x868,4900000,jose79@example.com
Keith,Hull,47,Puerto Rico,12,001-345-245-9166,660000,bishopjessica@example.com
Courtney,King,45,Guam,6,743.879.2447x048,1760000,mcgrathamanda@example.net
William,Sharp,34,Eritrea,1,+1-500-574-7009,4710000,victor44@example.net
Nicole,Hutchinson,77,Maldives,21,897-887-7853,2000000,stephaniehouston@example.com
Kristen,Olson,36,Malaysia,1,001-562-466-5463x6357,2080000,boydsteven@example.com
Reginald,White,43,Saint Pierre and Miquelon,7,+1-291-468-8689,890000,velasquezkimberly@example.net
Michelle,Holmes,54,Guatemala,7,273-692-0091x66148,2280000,johnsoncheryl@example.net
Monica,Thomas,59,Kyrgyz Republic,8,203-879-9719x7214,2470000,crawfordrandall@example.com
Jeffrey,Reeves,67,Kuwait,17,(387)844-8162x89012,680000,brennannorma@example.com
Joshua,Spears,54,Peru,14,+1-324-654-2284x41619,4960000,ianbeard@example.org
Keith,Graham,72,Mexico,21,001-624-830-0301x5273,3350000,amiller@example.com
Sarah,Hernandez,63,United States of America,9,892.770.1631x6252,2620000,david33@example.org
Christine,Mathews,39,Rwanda,7,860.759.2761x3646,840000,danielkane@example.org
Elizabeth,Young,77,Saint Pierre and Miquelon,8,447-277-4514,2360000,bterry@example.net
Wanda,Joseph,76,Mauritius,0,(227)475-9986x462,530000,andrewking@example.net
Victor,Garrett,64,Bermuda,3,+1-266-482-2182x4050,4770000,jholder@example.net
Olivia,Miller,74,New Zealand,25,9467177767,3310000,perezmatthew@example.net
Marissa,Williams,79,United Arab Emirates,17,6259476864,4280000,angelaortiz@example.net
Adam,Stevens,73,Portugal,36,8167976447,2470000,wclayton@example.com
Daniel,Hill,61,Liechtenstein,23,001-410-666-4041x81943,2700000,agonzalez@example.com
Amanda,Parsons,47,United States Minor Outlying Islands,16,001-257-843-4968x394,3810000,russellwilson@example.com
Maria,Flores,72,Indonesia,9,+1-369-527-7354x2031,3520000,garypalmer@example.org
Patricia,Melendez,76,Lithuania,3,001-975-652-4074x46391,2830000,yjuarez@example.com
Teresa,Sandoval,34,Senegal,0,9034637291,830000,kylie11@example.net
Matthew,Mitchell,49,Malaysia,16,001-769-254-5170x8119,690000,michelleevans@example.com
Michael,Green,32,Niger,2,(305)874-0992x85068,3390000,denise60@example.net
Kathryn,Green,34,Morocco,3,001-388-219-2975,2980000,harrispaul@example.org
Dawn,Williams,70,Samoa,11,(671)390-3443x4501,1410000,desireemartinez@example.net
Austin,Barnes,75,Moldova,40,415.484.3542,4760000,michael97@example.net
Kelli,Rogers,71,Mayotte,34,310-312-3943x133,3780000,libradley@example.net
Craig,Henderson,63,Reunion,26,001-448-765-4743,640000,mpearson@example.net
Amy,Contreras,79,Tonga,12,+1-238-516-5636x91553,2630000,nicholaschapman@example.org
Summer,Burgess,47,Suriname,7,001-639-736-7678x844,1270000,ashley66@example.com
Anthony,Bailey,63,Cape Verde,28,(360)823-1960x7478,2340000,dennis68@example.com
Jeffrey,Howard,50,Botswana,13,937-954-3987x801,3450000,carlos59@example.org
Paul,Morrison,49,Guernsey,4,8426626863,4000000,ifletcher@example.com
Grace,Espinoza,54,Djibouti,20,852-317-8659,1650000,rprice@example.com
John,Howell,43,Guam,6,528.849.5569,2450000,beth48@example.com
Valerie,Wright,40,Ecuador,8,(461)873-4521x7376,1990000,taralane@example.org
Jason,Simmons,43,India,11,(501)662-0426,4690000,joneschristine@example.org
Amy,Bruce,55,Cambodia,10,+1-295-560-8730x3880,2860000,dvincent@example.org
Diane,Bell,38,Djibouti,7,213.408.6078x601,1620000,jacksonjoel@example.org
Kathy,Gonzalez,68,Chile,23,(273)619-0658x28354,980000,jacob46@example.net
Tina,Gonzales,33,Benin,1,3776071334,870000,maryguerrero@example.com
Billy,Taylor,60,Chad,4,272.314.9777,1230000,brian02@example.com
James,Peters,43,Uzbekistan,13,736-993-0041x72941,4740000,barbaradixon@example.org
Jason,Lewis,69,Italy,32,768-953-1162x6118,850000,christophersutton@example.net
Karen,Bryant,69,Samoa,28,8752668247,900000,ocunningham@example.org
Brooke,Cummings,75,Cote d'Ivoire,6,(624)855-6681,3070000,tabitha77@example.org
Maria,Gilmore,39,Mali,0,768.899.9977,920000,thomasjohnson@example.org
Karen,White,50,Mozambique,17,993-983-0313,4750000,daniel87@example.org
Richard,Ray,66,Qatar,34,(203)933-0797,1060000,onealjohn@example.net
Lynn,Murillo,59,Bouvet Island (Bouvetoya),27,478.596.9399x99182,3600000,fhodge@example.com
Laura,Fox,41,Korea,4,001-960-803-6055x3191,3960000,susan55@example.net
Ian,Peterson,76,Belarus,26,(444)200-5863,3290000,jimmy98@example.com
Tammy,Rosales,52,Macao,13,001-603-892-6112x976,3710000,evan36@example.net
Elijah,English,69,Ireland,6,762.689.5565,4220000,abbotteric@example.org
Andrew,Bridges,58,Niue,26,(401)840-4461,1650000,wleonard@example.com
Annette,Alvarez,36,Monaco,6,001-537-921-1851,4840000,charles72@example.org
Edward,White,53,Djibouti,11,(251)302-5038,1340000,millersamantha@example.com
Dana,Baker,36,Spain,1,486-318-2526,3990000,hallbrandon@example.org
Stephanie,Hill,46,Philippines,12,(495)633-5747x14982,2900000,douglasrussell@example.org
Melissa,Farmer,59,Belarus,5,844-903-1909,2120000,donaldcannon@example.org
John,Garcia,74,Macao,3,+1-875-357-5566x9553,2900000,lesliemunoz@example.com
Rachel,Vazquez,42,Samoa,9,956-291-6762,4780000,jeremy69@example.net
Jeffrey,Frost,34,Cameroon,3,001-787-429-5303x44370,2510000,mgray@example.net
Thomas,Hardy,68,Turkmenistan,5,816.329.8485x6752,4450000,ctorres@example.org
Jacob,Miller,77,Hungary,37,+1-341-703-1363x8767,3300000,natashamoore@example.com
Ellen,Taylor,69,Tokelau,2,(702)588-4174x1220,1070000,keith59@example.net
Charles,Cooper,52,Falkland Islands (Malvinas),3,924-267-7542x05947,2240000,mclaughlinlisa@example.net
Justin,Buck,72,Armenia,34,811.735.4300x062,3610000,lauren47@example.com
Hayley,Curry,67,Monaco,34,333.768.5577x826,620000,orozcoshannon@example.org
Matthew,Johnson,50,Austria,10,001-858-377-5892x5982,3680000,mendozaaustin@example.net
Pamela,King,40,Guinea,5,586.541.7798x35509,1840000,ichan@example.net
Kristy,Walker,50,Kazakhstan,3,001-990-819-0618x441,3830000,emily38@example.net
Sara,Taylor,55,Costa Rica,11,745.938.6894x267,740000,bhenderson@example.com
Destiny,Blair,79,Indonesia,23,785.375.3401x85064,3430000,jonesfrancisco@example.org
Julie,Gibson,75,Mayotte,7,(490)580-2274,4410000,colin82@example.com
Emily,Ruiz,34,Sweden,2,+1-478-886-3659x877,1200000,evansrenee@example.org
Elizabeth,Williams,47,Greece,9,001-495-327-1530x357,4650000,crowe@example.org
Savannah,Nelson,74,Croatia,35,643.648.2318x889,1930000,fclark@example.org
Ashley,Welch,44,Myanmar,13,001-927-756-2533,3500000,williamsjessica@example.net
Tristan,Bailey,37,Myanmar,5,897-829-5850x6585,3140000,owalker@example.com
Amy,Wilson,46,Qatar,16,308-219-0053x399,3870000,teresa12@example.com
Mary,Morales,79,Saint Kitts and Nevis,30,(539)802-6380,4990000,matthew13@example.com
Michelle,Mcdonald,45,Tanzania,4,(412)357-9183x888,1900000,echristian@example.org
Ralph,Davis,67,India,28,343.526.1584x1814,910000,michael01@example.net
Jennifer,Doyle,62,Poland,10,(260)897-3738x2254,4860000,jeffrey26@example.com
Wyatt,Pacheco,70,Liberia,8,941-815-7826x390,1930000,toddgates@example.com
Cheryl,Rodriguez,52,Indonesia,20,432-669-4985,2520000,joseshields@example.com
Annette,Smith,54,Palestinian Territory,7,729.757.0145,680000,jacobhill@example.net
Kyle,Pena,30,Cayman Islands,0,+1-696-240-0395x0938,3430000,iwu@example.net
Mark,Peterson,73,Nepal,37,(715)433-2565,870000,cherylmartinez@example.net
Richard,Thomas,66,Northern Mariana Islands,16,(511)984-7086x6506,3440000,andreagray@example.com
Matthew,Foster,37,Svalbard & Jan Mayen Islands,1,001-446-517-1106x1360,3180000,kbuck@example.org
Kenneth,Todd,56,Bahamas,0,+1-681-532-2058x718,1560000,ocurtis@example.com
Susan,Cardenas,33,Israel,0,711.715.3438x38704,2750000,leah80@example.org
Edward,Williamson,61,Hungary,31,+1-497-887-9850x867,4420000,ryan21@example.net
Brian,Simpson,54,Bhutan,13,687.212.5445x229,2970000,earlcoleman@example.net
Jose,Miles,63,Kuwait,11,297-282-3744x909,3150000,smithtyler@example.org
Ricky,Garcia,73,Gibraltar,31,001-985-256-2404x2506,1200000,melissabradley@example.net
Samuel,Williams,61,Moldova,11,001-253-653-0279x702,4680000,bakerjustin@example.org
Michael,Mcdaniel,60,Cayman Islands,18,+1-556-824-4873x69650,1590000,nathan60@example.net
Charles,Skinner,30,Cote d'Ivoire,0,001-666-287-3958x142,2270000,ryanjones@example.net
Holly,White,70,Ghana,7,646.595.6452x2442,2930000,dcoleman@example.com
James,Livingston,61,Pakistan,10,260-753-9927,1610000,quinncrystal@example.org
Debra,Sanchez,30,Antigua and Barbuda,0,235-216-3857,2960000,norrisjames@example.net
Chad,Ward,63,Fiji,20,+1-796-732-3720x48260,2940000,brandon94@example.org
Yvonne,Kane,79,Cameroon,27,554.350.0691,1530000,gutierrezdenise@example.com
Kevin,Richmond,44,Pakistan,1,+1-935-803-8603,3130000,chorn@example.net
Heidi,Robertson,62,Norfolk Island,4,438.762.7511,4180000,rkirk@example.com
Joshua,Miller,73,Cape Verde,26,691-536-9568,1120000,bennettbrittany@example.net
Christopher,Reese,43,Burkina Faso,6,001-666-808-9251x50169,550000,virginiarodriguez@example.net
Katie,Parker,60,Niger,10,+1-627-944-1341x239,1900000,christinabuchanan@example.org
Heather,Hanson,37,Latvia,5,8403145469,3080000,jacksonkaren@example.com
Rachel,Flores,30,Canada,0,994.324.9234x345,3110000,bmartinez@example.net
Kelly,Acosta,47,United States of America,7,+1-712-539-5648x4655,1660000,whitney44@example.net
Cody,Thompson,33,Mali,3,+1-950-703-2806x015,4520000,dhayes@example.net
Brooke,Vaughn,62,Somalia,5,2229120647,980000,zmoody@example.com
Lisa,Irwin,46,Bahamas,12,379.975.7696x511,4470000,hunterthomas@example.com
Denise,Stephenson,77,Vietnam,43,(394)371-7017x042,3520000,gordonsarah@example.net
Jessica,Turner,41,Cook Islands,9,(821)590-4636,3620000,wellsjustin@example.com
James,Hernandez,79,Guernsey,45,868-487-9275,4720000,brianmurphy@example.org
Dennis,Winters,76,Thailand,41,(933)327-8481,2360000,ucamacho@example.net
Michael,Blackwell,36,Aruba,6,(654)750-1036,4240000,valerienelson@example.net
Tony,Moss,55,Heard Island and McDonald Islands,18,001-957-709-9131x9123,2750000,omartin@example.com
Joann,Russell,71,Bhutan,9,6605833128,4450000,youngbradley@example.org
Gina,Villa,77,Singapore,30,(208)920-8494x7054,830000,zwelch@example.net
Sean,Vaughn,65,Senegal,18,544.572.5196x16749,4760000,edwardsdestiny@example.org
Robert,Gardner,67,Chile,16,429.886.8745x04540,2080000,williamanderson@example.com
Timothy,Ellis,40,Samoa,10,001-847-544-8517x639,3780000,coopersherry@example.com
Dustin,Smith,32,Kiribati,0,954.899.5672,3140000,jeremy02@example.net
Ethan,Baker,35,Libyan Arab Jamahiriya,1,(570)744-7124x5545,1880000,aaronyork@example.org
Christopher,Lopez,52,Saudi Arabia,10,+1-881-955-4026,4610000,kimberly00@example.org
Jennifer,Hawkins,74,Iran,24,688-882-4952,4430000,bryanstrickland@example.org
Stephen,Morales,71,Iraq,41,521-739-4759,2930000,suzanne61@example.com
Paul,Smith,73,Dominica,27,724-397-0839x1394,1070000,castillojeffrey@example.com
Amber,Keller,45,Austria,9,+1-887-608-9650x41444,3890000,huntmeghan@example.net
Nicole,Schroeder,75,Panama,41,376-930-0849x43621,1980000,justin83@example.net
Jason,Lewis,31,Bouvet Island (Bouvetoya),0,+1-329-261-6730,3650000,lauren03@example.org
Victoria,Flores,46,Faroe Islands,3,7085771814,2330000,uwood@example.com
Rebecca,Miller,77,Liberia,45,001-684-444-5416x406,4100000,branchjeffrey@example.org
Jacqueline,Jones,44,Japan,11,001-855-985-0746x75822,4070000,imccall@example.net
Timothy,Fisher,35,Sao Tome and Principe,1,(511)740-9406,1630000,pwhite@example.org
Stephanie,Henry,75,Central African Republic,45,(347)511-6121x0898,670000,blakemelissa@example.net
Joseph,Lane,36,Jamaica,1,2217268128,1050000,thunter@example.org
Mike,Fisher,51,North Macedonia,11,001-974-663-3916x726,3610000,connor18@example.net
Alexa,Hill,59,Singapore,5,(876)858-9431x457,3320000,kristinasanders@example.com
Katherine,Hill,60,Bhutan,5,001-421-610-6522x013,2350000,ghicks@example.org
Rebecca,West,30,Taiwan,0,001-241-948-2566x3298,530000,brian58@example.net
Ronald,Castaneda,50,Cambodia,16,(643)545-9125,2430000,katherine24@example.org
Gina,Cervantes,57,Gibraltar,3,9762160403,1480000,chandavid@example.org
Joshua,Riggs,39,Solomon Islands,1,794.684.4156x963,4010000,smithtyler@example.org
Shelly,Ramos,58,Austria,22,529.582.4936,3530000,waltersandrea@example.net
Whitney,Cohen,35,Burundi,1,001-685-819-8662x408,3070000,xbartlett@example.net
Donna,Ward,45,Austria,7,4439693866,2200000,richard67@example.com
Calvin,Rodriguez,78,Colombia,33,413.828.3587x617,3960000,mcdonaldtyler@example.org
Colin,Dixon,40,Egypt,7,310-697-3492,4190000,taylorcatherine@example.net
Julie,Conner,32,Oman,1,(718)247-5068,3210000,criggs@example.net
Laura,Kelly,73,Korea,35,(594)317-2787x60382,1180000,aaronjackson@example.org
Michael,Cooper,31,Hong Kong,1,621-257-4757x4777,4570000,ewebb@example.net
Monica,Wilson,55,New Zealand,19,(668)953-1981x8157,1880000,ygray@example.com
Philip,Lane,45,Oman,9,(516)228-4309x84085,1240000,dchapman@example.net
Michelle,Hicks,48,Falkland Islands (Malvinas),14,936-892-4700,1570000,angelawilliams@example.org
Jessica,Crawford,53,Bolivia,22,427-531-5584,4850000,sierra10@example.com
Whitney,Castro,30,Argentina,0,+1-913-366-2345x710,2080000,blakecrawford@example.com
Paul,Wilkinson,56,Latvia,0,4806807131,3350000,zlopez@example.com
Tammy,Turner,61,Mayotte,6,794.493.1055,3960000,whansen@example.org
Shane,Fox,77,Argentina,37,746-228-4249,2330000,maria51@example.org
Cassandra,Diaz,74,Kazakhstan,35,600.514.4959,1310000,xwood@example.org
Tracy,Adams,30,Latvia,0,001-412-225-5660x9885,4080000,wardmichele@example.net
Patrick,Edwards,67,Swaziland,30,001-976-452-0865,4150000,brownjennifer@example.org
William,Wright,72,Uruguay,40,345.412.7456,710000,ksheppard@example.org
Robert,Morales,39,Guadeloupe,2,344.462.7443x6046,600000,wscott@example.com
Natalie,Berger,31,Slovakia (Slovak Republic),1,421-797-9791,800000,sherry56@example.com
Marcus,Harris,56,Ukraine,10,608.285.8549x818,2130000,zschmidt@example.net
Jim,Sawyer,74,Nigeria,33,304-381-7358x361,4230000,sandraortega@example.net
Michael,Mueller,67,Norfolk Island,10,690-821-5817,3640000,davisshirley@example.net
Elizabeth,Perez,33,Maldives,0,9392274249,1620000,zrobles@example.net
Tracy,Church,76,Germany,1,001-666-923-6824,1120000,keith92@example.net
Michael,Jones,70,Gibraltar,15,+1-693-586-0325,3420000,alexishernandez@example.org
James,Harrison,46,Jamaica,12,637-343-3789,2830000,paula18@example.com
Amy,Hodges,46,Panama,11,(208)593-2879,910000,ujoyce@example.net
Eric,Russo,71,Niue,39,894.721.0794,1960000,justin67@example.org
Jason,Sanders,68,Croatia,31,715.671.6573x36232,1630000,carterchristina@example.net
James,Beasley,79,Chile,34,889-923-5560x86963,1550000,waltersamanda@example.org
Emily,Richardson,34,Syrian Arab Republic,0,643.989.7406,730000,kelly34@example.net
Ryan,Ortiz,40,Belize,2,919-217-5432x9358,880000,staylor@example.net
Michael,Landry,56,Samoa,2,+1-463-409-7552x78673,3720000,bmurray@example.com
Sean,Noble,58,Ukraine,27,614-302-8252x9821,3600000,agreer@example.net
Janice,Keller,56,Montserrat,17,001-908-687-2561,4930000,xmedina@example.net
Amanda,Smith,63,New Caledonia,22,899.629.8243x3823,2000000,wtorres@example.com
Lisa,Williams,35,Lithuania,4,944-807-4298,590000,lanestephen@example.net
Angela,Swanson,78,Mauritania,34,(907)898-6667x03270,4880000,murraynancy@example.com
Gerald,Craig,55,Turkmenistan,23,(367)411-1924x7644,4820000,dennislawson@example.org
Sherri,Campbell,49,Central African Republic,9,4885947050,540000,lisadavis@example.org
Alyssa,Holloway,59,Germany,1,8074465781,4040000,stephaniekoch@example.org
Ashley,Jones,68,Bolivia,22,213-536-5773x808,1370000,kyle84@example.com
Dennis,Cantu,50,United Kingdom,8,220-598-9892,4280000,bishopemily@example.com
Stephanie,Hill,69,Latvia,2,336.314.6975x698,2980000,michael67@example.org
Jennifer,Combs,48,Nepal,3,+1-608-961-3375x5054,2820000,qray@example.com
John,Richards,51,Montserrat,3,(536)211-6302,1400000,rhernandez@example.org
David,Blackburn,36,Tokelau,1,693.529.1320x9143,810000,randallkeith@example.net
Sandra,Harrison,77,Norway,17,824.278.9496x055,2610000,todd57@example.net
Christina,Marquez,50,Papua New Guinea,13,001-605-260-7799x7097,1320000,crossbrian@example.com
Crystal,Jones,31,Tanzania,1,7573401233,4440000,georgejones@example.org
James,Thomas,78,Andorra,42,+1-409-558-5291x979,3010000,julie53@example.com
Kathleen,Harrington,57,Guinea-Bissau,10,617-627-9364x56932,3870000,wilsonmegan@example.net
Katie,Cisneros,59,United Kingdom,13,9316497125,2590000,owendonna@example.com
Kelly,Walsh,58,Grenada,24,552.717.8410x38543,1770000,marthamcintosh@example.org
Brittany,Moran,68,Martinique,20,+1-326-694-6642x89324,570000,michaelbrown@example.com
Cody,Thornton,54,Sudan,4,001-993-607-6288x725,4260000,dburns@example.net
Ann,Collins,42,French Southern Territories,2,(603)357-2709,2670000,phillipsjoel@example.net
John,Hall,76,Comoros,20,921-984-7866x94364,3140000,vpowers@example.net
Jean,Ward,75,Jordan,34,(882)584-7706x363,1870000,gutierrezrhonda@example.com
Betty,Rich,60,Chad,27,001-713-474-2353,3980000,ellisjohn@example.net
Daniel,Taylor,46,Nauru,8,253-974-2630,1420000,christian74@example.com
Alicia,Johnson,68,Azerbaijan,14,(712)934-7567x245,710000,kenneth08@example.org
Elizabeth,Ramirez,41,Faroe Islands,5,+1-658-927-8476x976,3550000,chad72@example.net
Sandra,Price,34,Belize,3,(923)911-1791x549,1040000,ggillespie@example.org
Richard,Cook,64,Congo,17,(549)996-0044x2677,4440000,manningfelicia@example.org
Daniel,Mason,78,Bahrain,25,(530)777-8123,2130000,hallrobert@example.com
Dana,Reed,41,Lesotho,1,345.739.1950x83611,1190000,jturner@example.net
Rebecca,Henderson,68,Tajikistan,13,557-203-7697,2550000,tfranklin@example.com
Andrew,Roberts,35,Australia,4,(767)837-1849,3420000,meganhunt@example.com
Christina,Stevens,55,Madagascar,4,9343097309,1570000,sherri30@example.net
Kelly,Johnson,62,Dominican Republic,15,+1-361-573-2672x24422,3340000,valerie15@example.net
Samuel,Lopez,51,Georgia,5,319-470-0653x26757,610000,lscott@example.net
April,Wells,32,Grenada,0,+1-620-729-5398x8687,4500000,donnarichardson@example.com
Jennifer,Martin,42,New Caledonia,0,(956)840-3583x72894,2260000,nwhitaker@example.com
Arthur,Hall,77,Wallis and Futuna,10,363.282.3292x73610,2080000,lisachurch@example.org
Tamara,Walsh,47,Netherlands Antilles,17,(311)499-8640,1010000,emily69@example.net
Jason,Mason,77,Bulgaria,35,(571)921-2550,600000,bdunn@example.org
Deanna,Tapia,35,Martinique,4,713.805.5104,3670000,alexandraclayton@example.net
Michelle,Newton,45,Nepal,7,+1-738-777-3754,2940000,myerslisa@example.net
Albert,Mcguire,48,Mozambique,17,816.477.1596,1500000,bryan54@example.net
Travis,Thompson,48,Denmark,8,+1-577-529-1683,4910000,jacobsjames@example.org
Jeffrey,Odom,39,Greenland,9,(651)653-9252x345,1540000,jasminecurtis@example.net
Timothy,Scott,30,Zambia,0,(534)513-8926x7590,4750000,omartin@example.com
Mariah,Shepard,48,Falkland Islands (Malvinas),12,001-912-363-6201x970,810000,valerie99@example.org
Jeffrey,Foster,58,Tunisia,12,+1-371-607-5473x6697,4810000,gfry@example.org
Kelly,Rose,34,Mongolia,3,433-526-4335,2670000,ivan87@example.net
Anthony,Grant,42,Belize,11,001-630-572-7240x003,3330000,weaverwendy@example.net
Alicia,Roman,59,Equatorial Guinea,8,431-312-2161x020,4360000,carlwilson@example.org
Gerald,Graham,65,Poland,2,406-254-2291,3030000,holdenjennifer@example.com
Kevin,Gaines,64,Heard Island and McDonald Islands,11,001-834-810-8542x7409,1680000,kirbymichael@example.net
Patricia,Flores,44,United States Virgin Islands,10,001-833-467-1856x78456,2280000,richardharris@example.com
Kenneth,Davis,67,Tunisia,28,925-878-4675x508,2810000,edwardsalexandra@example.org
Rachel,Munoz,76,Zambia,40,(867)590-9648x6369,2140000,johnsonkristina@example.org
Juan,Barrera,41,Pitcairn Islands,11,(605)528-4618x25594,3030000,brianna71@example.com
Susan,Smith,71,Belize,35,001-735-771-4185x36341,740000,jessica97@example.com
Linda,Shepard,70,Vietnam,16,001-561-564-5035x768,2150000,nmullen@example.com
Kristen,Lee,70,Cuba,15,001-201-461-2995x304,3060000,adam34@example.org
Elizabeth,Graves,40,Rwanda,10,475-502-2270,3800000,martinannette@example.net
Todd,Hernandez,42,Montenegro,11,001-457-711-4530x30310,1440000,holtashley@example.net
James,Ewing,77,Ireland,21,001-389-937-5997,1710000,castrorobert@example.org
Ashley,Stephenson,54,Guyana,14,+1-270-692-4375x75850,4430000,brittanysmith@example.net
Stanley,Rivera,50,Martinique,11,(606)273-0199x157,1130000,myersdaniel@example.org
Erin,Edwards,34,Greenland,4,313.919.4525x5429,4300000,tyler91@example.com
Marc,Malone,44,British Indian Ocean Territory (Chagos Archipelago),13,5443055498,1840000,danielle78@example.org
Cheryl,Bell,47,Equatorial Guinea,11,+1-535-538-5521x821,2200000,courtney73@example.com
Matthew,Ramirez,38,Iceland,4,001-597-369-3805x55763,2230000,mark41@example.org
Kelly,Ruiz,31,Benin,0,(615)463-8638x71605,3220000,careymorgan@example.net
Christopher,Aguilar,79,China,31,(406)893-0145,3560000,psanchez@example.com
Daniel,Harvey,76,Mali,4,+1-241-866-2698x57772,3900000,kevinhurley@example.com
Claudia,Cruz,61,Burundi,11,477.264.7447x2178,4600000,lauriefuller@example.com
Jessica,Jones,32,Georgia,1,(551)916-0433x883,2270000,pthomas@example.org
Paul,Reed,51,Myanmar,10,+1-975-818-2257,2590000,hollandangel@example.com
Denise,Shaffer,77,Tunisia,15,001-536-402-0792x3667,1760000,pbrady@example.com
David,Lee,63,Afghanistan,29,+1-221-889-3172x223,3630000,christophernewton@example.com
Austin,Barnett,76,Benin,31,924.388.6445,4850000,ruizalyssa@example.net
Thomas,Young,44,Nepal,11,581.578.6641,2540000,lindseyangela@example.com
Jacob,Barrett,54,Reunion,17,8168555116,4310000,johnsondonna@example.com
Miguel,Bryant,43,Heard Island and McDonald Islands,11,(577)517-3790,3780000,madisonlarsen@example.com
Brianna,Knight,36,Sweden,6,953-379-1791x358,840000,samanthaprice@example.net
Robin,French,61,Comoros,4,(230)754-1088x5300,2220000,michelle88@example.net
Eileen,Davidson,60,Syrian Arab Republic,18,(969)799-5880,2680000,ahayes@example.net
Robert,Ramos,68,Iceland,0,001-724-667-6401x9957,1130000,mitchell66@example.com
Robert,Ortiz,60,Dominican Republic,6,552-294-4178x434,2400000,ebecker@example.net
Mary,Dunn,45,Vietnam,7,(740)854-1314,4190000,xdrake@example.com
David,Nguyen,66,Iran,31,924.522.7702x6547,3260000,garciarobert@example.net
Perry,Mendoza,30,Turkmenistan,0,001-693-235-2794x027,2210000,fvalenzuela@example.org
Samantha,Riley,79,Uganda,9,445.290.0093x577,4980000,orobertson@example.org
Allison,Conrad,31,Netherlands,1,5119164891,4280000,brianwoodard@example.net
Rachel,Hendricks,44,Lithuania,12,886.587.4815x23111,2220000,williamsregina@example.net
Bob,Richardson,73,Cambodia,12,9819395804,1320000,lonnie28@example.net
Kayla,Stevens,78,Angola,18,001-565-227-1721,1750000,porterjudith@example.org
Richard,Brown,79,Moldova,1,848-964-3998x24264,2550000,adamhansen@example.com
Adrian,Baker,40,South Georgia and the South Sandwich Islands,6,906.231.6200x4960,1050000,michaelsalinas@example.org
Todd,Russell,55,Montenegro,8,901.415.3296x426,4870000,jonathanjacobs@example.com
Harold,Reid,49,Mali,8,667.452.9800x433,1500000,stephanie28@example.net
Heather,Hopkins,32,Faroe Islands,1,960-781-3468,4380000,evansmichael@example.com
Christopher,Brown,55,French Polynesia,0,+1-233-753-7925x9622,2660000,kendra09@example.net
Anthony,Clarke,79,Guatemala,41,(914)372-8731,640000,pfranklin@example.org
Christopher,Gonzalez,69,France,37,286-228-6329,3430000,david28@example.net
William,Myers,73,Svalbard & Jan Mayen Islands,34,705-787-3575x5125,2600000,barnesjohn@example.org
Mark,Brooks,61,Romania,4,916.208.9533,2950000,daniel34@example.org
Alexander,Jones,69,Belize,28,001-385-489-5814x1731,1150000,dianequinn@example.org
Scott,Kim,48,Denmark,4,(584)637-6077x328,1190000,thomasmatthew@example.net
Sara,Mendoza,69,Armenia,8,6556832886,3680000,clarkjeffrey@example.net
Brandon,Barnes,79,Colombia,11,701-900-5910x98971,2930000,patriciawatson@example.net
Gabriela,Daniel,65,Brunei Darussalam,2,(295)271-3640,4800000,hliu@example.net
Heather,Velasquez,32,Cuba,2,(345)598-7810x899,3950000,megan35@example.org
James,Bullock,38,Bolivia,4,(417)857-7759,4830000,carriehuynh@example.com
William,Brandt,58,Guyana,19,763.405.6454,1820000,dspencer@example.org
Christina,Mccarthy,62,Bahamas,23,(817)786-2875x0475,3310000,mark65@example.org
Derrick,Shepherd,46,Lesotho,2,915-356-5541x63304,710000,andrea34@example.org
Nicole,Golden,46,Hong Kong,13,001-461-471-3148x9281,620000,ledanny@example.net
Joseph,Barber,43,Brunei Darussalam,13,811.627.4618x99810,1390000,edwardryan@example.net
Catherine,Roberson,44,Eritrea,14,001-859-843-2423x98902,4890000,dlowe@example.com
